Iteration, CellID, InitialMol, FinalMol, InitialTemperature, FinalTemperature
0, 1, 0, 1000, 0, 1000
0, 2, 0, 0, 0, 0
0, 3, 0, 0, 0, 0
0, 4, 0, 0, 0, 0
1, 1, 1000, 916.2633, 1000, 918.5788
1, 2, 0, 27.91225, 0, 27.91225
1, 3, 0, 27.91225, 0, 27.13316
1, 4, 0, 27.91225, 0, 26.37581
2, 1, 916.2633, 839.5385, 918.5788, 843.787
2, 2, 27.91225, 53.48722, 53.55185, 53.55185
2, 3, 27.91225, 53.48722, 52.0571, 52.0571
2, 4, 27.91225, 53.48722, 50.60406, 50.60406
3, 1, 839.5385, 772.4475, 843.787, 779.5831
3, 2, 53.48722, 75.85088, 77.10384, 75.56177
3, 3, 53.48722, 75.85088, 74.95171, 73.45267
3, 4, 53.48722, 75.85088, 72.85963, 71.40244
4, 1, 772.4475, 712.3164, 779.5831, 721.7864
4, 2, 75.85088, 95.8946, 97.32169, 95.37525
4, 3, 75.85088, 95.8946, 94.60522, 92.71312
4, 4, 75.85088, 95.8946, 91.96457, 90.12527
5, 1, 712.3164, 658.4232, 721.7864, 669.7573
5, 2, 95.8946, 113.8591, 115.5219, 113.2115
5, 3, 95.8946, 113.8591, 112.2975, 110.0515
5, 4, 95.8946, 113.8591, 109.163, 106.9797
6, 1, 658.4232, 610.1205, 669.7573, 622.9203
6, 2, 113.8591, 129.96, 131.9059, 129.2678
6, 3, 113.8591, 129.96, 128.2241, 125.6597
6, 4, 113.8591, 129.96, 124.6451, 122.1522
7, 1, 610.1205, 566.8285, 622.9203, 580.7574
7, 2, 129.96, 144.3906, 146.6549, 143.7218
7, 3, 129.96, 144.3906, 142.5614, 139.7102
7, 4, 129.96, 144.3906, 138.5822, 135.8106
8, 1, 566.8285, 528.0275, 580.7574, 542.8021
8, 2, 144.3906, 157.3242, 159.9321, 156.7334
8, 3, 144.3906, 157.3242, 155.468, 152.3586
8, 4, 144.3906, 157.3242, 151.1285, 148.106
9, 1, 528.0275, 493.2516, 542.8021, 508.6344
9, 2, 157.3242, 168.9162, 171.8842, 168.4466
9, 3, 157.3242, 168.9162, 167.0866, 163.7448
9, 4, 157.3242, 168.9162, 162.4228, 159.1744
10, 1, 493.2516, 462.0833, 508.6344, 477.8764
10, 2, 168.9162, 179.3056, 182.6437, 178.9908
10, 3, 168.9162, 179.3056, 177.5457, 173.9948
10, 4, 168.9162, 179.3056, 172.59, 169.1382
11, 1, 462.0833, 434.1483, 477.8764, 450.1878
11, 2, 179.3056, 188.6173, 192.3294, 188.4828
11, 3, 179.3056, 188.6173, 186.9611, 183.2218
11, 4, 179.3056, 188.6173, 181.7426, 178.1077
12, 1, 434.1483, 409.1112, 450.1878, 425.2623
12, 2, 188.6173, 196.963, 201.0486, 197.0276
12, 3, 188.6173, 196.963, 195.4369, 191.5281
12, 4, 188.6173, 196.963, 189.9818, 186.1822
13, 1, 409.1112, 386.6714, 425.2623, 402.8242
13, 2, 196.963, 204.443, 208.8976, 204.7197
13, 3, 196.963, 204.443, 203.0668, 199.0055
13, 4, 196.963, 204.443, 197.3988, 193.4508
14, 1, 386.6714, 366.5593, 402.8242, 382.6252
14, 2, 204.443, 211.147, 215.9634, 211.6441
14, 3, 204.443, 211.147, 209.9354, 205.7367
14, 4, 204.443, 211.147, 204.0756, 199.9941
15, 1, 366.5593, 348.5336, 382.6252, 364.442
15, 2, 211.147, 217.1555, 222.3241, 217.8776
15, 3, 211.147, 217.1555, 216.1185, 211.7961
15, 4, 211.147, 217.1555, 210.0862, 205.8845
16, 1, 348.5336, 332.3778, 364.442, 348.0733
16, 2, 217.1555, 222.5408, 228.05, 223.489
16, 3, 217.1555, 222.5408, 221.6846, 217.2509
16, 4, 217.1555, 222.5408, 215.4969, 211.187
17, 1, 332.3778, 317.898, 348.0733, 333.338
17, 2, 222.5408, 227.3674, 233.2045, 228.5404
17, 3, 222.5408, 227.3674, 226.6952, 222.1613
17, 4, 222.5408, 227.3674, 220.3677, 215.9603
18, 1, 317.898, 304.9203, 333.338, 320.0733
18, 2, 227.3674, 231.6933, 237.8446, 233.0877
18, 3, 227.3674, 231.6933, 231.2058, 226.5817
18, 4, 227.3674, 231.6933, 224.7524, 220.2574
19, 1, 304.9203, 293.2888, 320.0733, 308.1323
19, 2, 231.6933, 235.5704, 242.0217, 237.1812
19, 3, 231.6933, 235.5704, 235.2663, 230.561
19, 4, 231.6933, 235.5704, 228.6996, 224.1256
20, 1, 293.2888, 282.8639, 308.1323, 297.3829
20, 2, 235.5704, 239.0454, 245.7819, 240.8663
20, 3, 235.5704, 239.0454, 238.9216, 234.1432
20, 4, 235.5704, 239.0454, 232.2528, 227.6078
21, 1, 282.8639, 273.5206, 297.3829, 287.7062
21, 2, 239.0454, 242.1598, 249.1669, 244.1836
21, 3, 239.0454, 242.1598, 242.2121, 237.3679
21, 4, 239.0454, 242.1598, 235.4515, 230.7424
22, 1, 273.5206, 265.1465, 287.7062, 278.9953
22, 2, 242.1598, 244.9512, 252.2141, 247.1698
22, 3, 242.1598, 244.9512, 245.1742, 240.2708
22, 4, 242.1598, 244.9512, 238.3309, 233.5643
23, 1, 265.1465, 257.641, 278.9953, 271.1536
23, 2, 244.9512, 247.453, 254.9572, 249.8581
23, 3, 244.9512, 247.453, 247.8408, 242.884
23, 4, 244.9512, 247.453, 240.923, 236.1046
24, 1, 257.641, 250.9142, 271.1536, 264.0944
24, 2, 247.453, 249.6953, 257.4266, 252.278
24, 3, 247.453, 249.6953, 250.2412, 245.2364
24, 4, 247.453, 249.6953, 243.2565, 238.3913
25, 1, 250.9142, 244.8852, 264.0944, 257.7397
25, 2, 249.6953, 251.705, 259.6495, 254.4565
25, 3, 249.6953, 251.705, 252.4021, 247.3541
25, 4, 249.6953, 251.705, 245.357, 240.4499
26, 1, 244.8852, 271.2444, 257.7397, 283.76
26, 2, 251.705, 242.9186, 259.6113, 245.4974
26, 3, 251.705, 242.9186, 252.4058, 238.6836
26, 4, 251.705, 242.9186, 245.4006, 232.0592
27, 1, 271.2444, 263.1064, 283.76, 275.4428
27, 2, 242.9186, 245.6312, 253.4177, 248.3494
27, 3, 242.9186, 245.6312, 246.3829, 241.4552
27, 4, 242.9186, 245.6312, 239.5436, 234.7527
28, 1, 263.1064, 255.8126, 275.4428, 267.9556
28, 2, 245.6312, 248.0625, 256.0376, 250.9168
28, 3, 245.6312, 248.0625, 248.9288, 243.9503
28, 4, 245.6312, 248.0625, 242.0178, 237.1774
29, 1, 255.8126, 249.2754, 267.9556, 261.2155
29, 2, 248.0625, 250.2416, 258.3961, 253.2282
29, 3, 248.0625, 250.2416, 251.2207, 246.1963
29, 4, 248.0625, 250.2416, 244.245, 239.3601
30, 1, 249.2754, 275.1325, 261.2155, 286.8536
30, 2, 250.2416, 241.6225, 258.4525, 244.4016
30, 3, 250.2416, 241.6225, 251.3162, 237.6532
30, 4, 250.2416, 241.6225, 244.3775, 231.0918
31, 1, 275.1325, 266.5912, 286.8536, 278.2277
31, 2, 241.6225, 244.4697, 252.4083, 247.3601
31, 3, 241.6225, 244.4697, 245.4364, 240.5277
31, 4, 241.6225, 244.4697, 238.6577, 233.8846
32, 1, 266.5912, 258.9359, 278.2277, 270.4626
32, 2, 244.4697, 247.0214, 255.1261, 250.0235
32, 3, 244.4697, 247.0214, 248.0769, 243.1154
32, 4, 244.4697, 247.0214, 241.2231, 236.3986
33, 1, 258.9359, 252.0747, 270.4626, 263.4723
33, 2, 247.0214, 249.3085, 257.5728, 252.4213
33, 3, 247.0214, 249.3085, 250.4539, 245.4448
33, 4, 247.0214, 249.3085, 243.5323, 238.6616
34, 1, 252.0747, 245.9253, 263.4723, 257.1797
34, 2, 249.3085, 251.3583, 259.7754, 254.5799
34, 3, 249.3085, 251.3583, 252.5936, 247.5418
34, 4, 249.3085, 251.3583, 245.6109, 240.6987
35, 1, 245.9253, 272.1656, 257.1797, 283.2616
35, 2, 251.3583, 242.6115, 259.7235, 245.6035
35, 3, 251.3583, 242.6115, 252.5825, 238.8507
35, 4, 251.3583, 242.6115, 245.6386, 232.2843
36, 1, 272.1656, 263.932, 283.2616, 274.9941
36, 2, 242.6115, 245.3561, 253.5099, 248.4397
36, 3, 242.6115, 245.3561, 246.5365, 241.6057
36, 4, 242.6115, 245.3561, 239.7556, 234.9605
37, 1, 263.932, 256.5526, 274.9941, 267.5517
37, 2, 245.3561, 247.8159, 256.1154, 250.9931
37, 3, 245.3561, 247.8159, 249.0672, 244.0858
37, 4, 245.3561, 247.8159, 242.2137, 237.3694
38, 1, 256.5526, 249.9386, 267.5517, 260.852
38, 2, 247.8159, 250.0205, 258.4611, 253.2918
38, 3, 247.8159, 250.0205, 251.3454, 246.3185
38, 4, 247.8159, 250.0205, 244.4263, 239.5378
39, 1, 249.9386, 275.7198, 260.852, 286.53
39, 2, 250.0205, 241.4268, 258.5089, 244.4549
39, 3, 250.0205, 241.4268, 251.4312, 237.7619
39, 4, 250.0205, 241.4268, 244.5482, 231.2532
40, 1, 275.7198, 267.1176, 286.53, 277.9364
40, 2, 241.4268, 244.2942, 252.4526, 247.4035
40, 3, 241.4268, 244.2942, 245.5364, 240.6257
40, 4, 241.4268, 244.2942, 238.8107, 234.0345
41, 1, 267.1176, 259.4077, 277.9364, 270.2003
41, 2, 244.2942, 246.8642, 255.1613, 250.0581
41, 3, 244.2942, 246.8642, 248.167, 243.2036
41, 4, 244.2942, 246.8642, 241.3652, 236.5379
42, 1, 259.4077, 252.4976, 270.2003, 263.2363
42, 2, 246.8642, 249.1675, 257.6, 252.448
42, 3, 246.8642, 249.1675, 250.535, 245.5243
42, 4, 246.8642, 249.1675, 243.6647, 238.7914
43, 1, 252.4976, 246.3043, 263.2363, 256.9672
43, 2, 249.1675, 251.2319, 259.7955, 254.5996
43, 3, 249.1675, 251.2319, 252.6668, 247.6134
43, 4, 249.1675, 251.2319, 245.7345, 240.8198
44, 1, 246.3043, 272.5012, 256.9672, 283.0725
44, 2, 251.2319, 242.4996, 259.739, 245.6181
44, 3, 251.2319, 242.4996, 252.65, 238.9145
44, 4, 251.2319, 242.4996, 245.7556, 232.395
45, 1, 272.5012, 264.2328, 283.0725, 274.8239
45, 2, 242.4996, 245.2557, 253.5193, 248.4489
45, 3, 242.4996, 245.2557, 246.5952, 241.6633
45, 4, 242.4996, 245.2557, 239.8612, 235.064
46, 1, 264.2328, 256.8222, 274.8239, 267.3984
46, 2, 245.2557, 247.726, 256.1198, 250.9975
46, 3, 245.2557, 247.726, 249.1201, 244.1377
46, 4, 245.2557, 247.726, 242.3127, 237.4664
47, 1, 256.8222, 250.1803, 267.3984, 260.714
47, 2, 247.726, 249.9399, 258.4612, 253.2919
47, 3, 247.726, 249.9399, 251.3931, 246.3652
47, 4, 247.726, 249.9399, 244.5193, 239.6289
48, 1, 250.1803, 244.2274, 260.714, 254.6966
48, 2, 249.9399, 251.9242, 260.569, 255.3577
48, 3, 249.9399, 251.9242, 253.4392, 248.3704
48, 4, 249.9399, 251.9242, 246.5054, 241.5753
49, 1, 244.2274, 270.6618, 254.6966, 281.0516
49, 2, 251.9242, 243.1128, 260.4516, 246.292
49, 3, 251.9242, 243.1128, 253.3624, 239.5882
49, 4, 251.9242, 243.1128, 246.4675, 233.0682
50, 1, 270.6618, 262.5842, 281.0516, 273.0046
50, 2, 243.1128, 245.8053, 254.1367, 249.054
50, 3, 243.1128, 245.8053, 247.214, 242.2698
50, 4, 243.1128, 245.8053, 240.4811, 235.6715
51, 1, 262.5842, 255.3446, 273.0046, 265.7607
51, 2, 245.8053, 248.2185, 256.6742, 251.5407
51, 3, 245.8053, 248.2185, 249.6772, 244.6837
51, 4, 245.8053, 248.2185, 242.8722, 238.0148
52, 1, 255.3446, 248.856, 265.7607, 259.2397
52, 2, 248.2185, 250.3814, 258.9587, 253.7795
52, 3, 248.2185, 250.3814, 251.8946, 246.8567
52, 4, 248.2185, 250.3814, 245.0245, 240.124
53, 1, 248.856, 274.761, 259.2397, 285.0951
53, 2, 250.3814, 241.7463, 258.9643, 244.8855
53, 3, 250.3814, 241.7463, 251.9378, 238.2411
53, 4, 250.3814, 241.7463, 245.1035, 231.7782
54, 1, 274.761, 266.2582, 285.0951, 276.6446
54, 2, 241.7463, 244.5806, 252.8432, 247.7863
54, 3, 241.7463, 244.5806, 245.9766, 241.0571
54, 4, 241.7463, 244.5806, 239.2979, 234.5119
55, 1, 266.2582, 258.6375, 276.6446, 269.0374
55, 2, 244.5806, 247.1209, 255.5081, 250.3979
55, 3, 244.5806, 247.1209, 248.5633, 243.592
55, 4, 244.5806, 247.1209, 241.8086, 236.9725
56, 1, 258.6375, 251.8073, 269.0374, 262.1895
56, 2, 247.1209, 249.3976, 257.9073, 252.7492
56, 3, 247.1209, 249.3976, 250.8919, 245.874
56, 4, 247.1209, 249.3976, 244.0685, 239.1872
57, 1, 251.8073, 245.6856, 262.1895, 256.0248
57, 2, 249.3976, 251.4382, 260.0675, 254.8661
57, 3, 249.3976, 251.4382, 252.9881, 247.9283
57, 4, 249.3976, 251.4382, 246.1026, 241.1806
58, 1, 245.6856, 271.9532, 256.0248, 282.2338
58, 2, 251.4382, 242.6823, 259.9866, 245.8523
58, 3, 251.4382, 242.6823, 252.9464, 239.1948
58, 4, 251.4382, 242.6823, 246.0983, 232.719
59, 1, 271.9532, 263.7417, 282.2338, 274.0688
59, 2, 242.6823, 245.4195, 253.7301, 248.6555
59, 3, 242.6823, 245.4195, 246.8527, 241.9156
59, 4, 242.6823, 245.4195, 240.1631, 235.3599
60, 1, 263.7417, 256.382, 274.0688, 266.7188
60, 2, 245.4195, 247.8727, 256.3054, 251.1792
60, 3, 245.4195, 247.8727, 249.352, 244.365
60, 4, 245.4195, 247.8727, 242.5887, 237.7369
61, 1, 256.382, 249.7858, 266.7188, 260.1021
61, 2, 247.8727, 250.0714, 258.624, 253.4515
61, 3, 247.8727, 250.0714, 251.6019, 246.5698
61, 4, 247.8727, 250.0714, 244.7718, 239.8764
62, 1, 249.7858, 275.5845, 260.1021, 285.8626
62, 2, 250.0714, 241.4719, 258.6535, 244.5917
62, 3, 250.0714, 241.4719, 251.6678, 237.9858
62, 4, 250.0714, 241.4719, 244.8724, 231.5598
63, 1, 275.5845, 266.9963, 285.8626, 277.3356
63, 2, 241.4719, 244.3346, 252.5707, 247.5193
63, 3, 241.4719, 244.3346, 245.7421, 240.8273
63, 4, 241.4719, 244.3346, 239.0996, 234.3176
64, 1, 266.9963, 259.299, 277.3356, 269.6595
64, 2, 244.3346, 246.9004, 255.2604, 250.1552
64, 3, 244.3346, 246.9004, 248.3523, 243.3852
64, 4, 244.3346, 246.9004, 241.6326, 236.7999
65, 1, 259.299, 252.4001, 269.6595, 262.7495
65, 2, 246.9004, 249.2, 257.682, 252.5283
65, 3, 246.9004, 249.2, 250.702, 245.6879
65, 4, 246.9004, 249.2, 243.9124, 239.0342
66, 1, 252.4001, 246.2169, 262.7495, 256.529
66, 2, 249.2, 251.2611, 259.8623, 254.665
66, 3, 249.2, 251.2611, 252.8171, 247.7608
66, 4, 249.2, 251.2611, 245.9644, 241.0451
67, 1, 246.2169, 272.4239, 256.529, 282.6824
67, 2, 251.2611, 242.5254, 259.7956, 245.6716
67, 3, 251.2611, 242.5254, 252.7888, 239.0457
67, 4, 251.2611, 242.5254, 245.9725, 232.6001
68, 1, 272.4239, 264.1635, 282.6824, 274.4728
68, 2, 242.5254, 245.2789, 253.562, 248.4907
68, 3, 242.5254, 245.2789, 246.7158, 241.7815
68, 4, 242.5254, 245.2789, 240.0561, 235.255
69, 1, 264.1635, 256.76, 274.4728, 267.0824
69, 2, 245.2789, 247.7467, 256.1519, 251.0288
69, 3, 245.2789, 247.7467, 249.2288, 244.2442
69, 4, 245.2789, 247.7467, 242.4944, 237.6445
70, 1, 256.76, 250.1246, 267.0824, 260.4295
70, 2, 247.7467, 249.9585, 258.4837, 253.314
70, 3, 247.7467, 249.9585, 251.491, 246.4612
70, 4, 247.7467, 249.9585, 244.689, 239.7952
71, 1, 250.1246, 244.1775, 260.4295, 254.4405
71, 2, 249.9585, 251.9409, 260.5832, 255.3715
71, 3, 249.9585, 251.9409, 253.5275, 248.4569
71, 4, 249.9585, 251.9409, 246.6643, 241.731
72, 1, 244.1775, 270.6176, 254.4405, 280.8237
72, 2, 251.9409, 243.1275, 260.4603, 246.3002
72, 3, 251.9409, 243.1275, 253.444, 239.6653
72, 4, 251.9409, 243.1275, 246.6183, 233.2107
73, 1, 270.6176, 262.5446, 280.8237, 272.7995
73, 2, 243.1275, 245.8185, 254.1387, 249.0559
73, 3, 243.1275, 245.8185, 247.2849, 242.3392
73, 4, 243.1275, 245.8185, 240.6177, 235.8053
74, 1, 262.5446, 255.3091, 272.7995, 265.5761
74, 2, 245.8185, 248.2303, 256.6703, 251.5369
74, 3, 245.8185, 248.2303, 249.7412, 244.7463
74, 4, 245.8185, 248.2303, 243.0006, 238.1406
75, 1, 255.3091, 248.8241, 265.5761, 259.0735
75, 2, 248.2303, 250.392, 258.9497, 253.7707
75, 3, 248.2303, 250.392, 251.9523, 246.9132
75, 4, 248.2303, 250.392, 245.1454, 240.2425
76, 1, 248.8241, 274.7328, 259.0735, 284.9471
76, 2, 250.392, 241.7557, 258.9522, 244.8741
76, 3, 250.392, 241.7557, 251.991, 238.2914
76, 4, 250.392, 241.7557, 245.2188, 231.8873
77, 1, 274.7328, 266.2329, 284.9471, 276.5115
77, 2, 241.7557, 244.589, 252.8276, 247.7711
77, 3, 241.7557, 244.589, 246.0229, 241.1025
77, 4, 241.7557, 244.589, 239.403, 234.615
78, 1, 266.2329, 258.6148, 276.5115, 268.9176
78, 2, 244.589, 247.1284, 255.4892, 250.3794
78, 3, 244.589, 247.1284, 248.6051, 243.633
78, 4, 244.589, 247.1284, 241.9082, 237.07
79, 1, 258.6148, 251.787, 268.9176, 262.0816
79, 2, 247.1284, 249.4044, 257.8855, 252.7278
79, 3, 247.1284, 249.4044, 250.9296, 245.911
79, 4, 247.1284, 249.4044, 244.1629, 239.2797
80, 1, 251.787, 245.6674, 262.0816, 255.9277
80, 2, 249.4044, 251.4442, 260.043, 254.8422
80, 3, 249.4044, 251.4442, 253.0221, 247.9616
80, 4, 249.4044, 251.4442, 246.1923, 241.2685
81, 1, 245.6674, 271.9371, 255.9277, 282.1473
81, 2, 251.4442, 242.6877, 259.9607, 245.8278
81, 3, 251.4442, 242.6877, 252.9778, 239.2245
81, 4, 251.4442, 242.6877, 246.1843, 232.8004
82, 1, 271.9371, 263.7273, 282.1473, 273.9911
82, 2, 242.6877, 245.4243, 253.7032, 248.6291
82, 3, 242.6877, 245.4243, 246.8801, 241.9425
82, 4, 242.6877, 245.4243, 240.2422, 235.4374
83, 1, 263.7273, 256.369, 273.9911, 266.6487
83, 2, 245.4243, 247.877, 256.2768, 251.1513
83, 3, 245.4243, 247.877, 249.3767, 244.3892
83, 4, 245.4243, 247.877, 242.6641, 237.8108
84, 1, 256.369, 249.7741, 266.6487, 260.0391
84, 2, 247.877, 250.0753, 258.594, 253.4221
84, 3, 247.877, 250.0753, 251.6242, 246.5917
84, 4, 247.877, 250.0753, 244.8439, 239.947
85, 1, 249.7741, 275.5742, 260.0391, 285.8065
85, 2, 250.0753, 241.4753, 258.6229, 244.5627
85, 3, 250.0753, 241.4753, 251.6885, 238.0053
85, 4, 250.0753, 241.4753, 244.9418, 231.6254
86, 1, 275.5742, 266.987, 285.8065, 277.2851
86, 2, 241.4753, 244.3377, 252.5402, 247.4894
86, 3, 241.4753, 244.3377, 245.7601, 240.8449
86, 4, 241.4753, 244.3377, 239.1638, 234.3805
87, 1, 266.987, 259.2906, 277.2851, 269.614
87, 2, 244.3377, 246.9031, 255.2291, 250.1245
87, 3, 244.3377, 246.9031, 248.3685, 243.4012
87, 4, 244.3377, 246.9031, 241.6941, 236.8603
88, 1, 259.2906, 252.3927, 269.614, 262.7085
88, 2, 246.9031, 249.2025, 257.65, 252.497
88, 3, 246.9031, 249.2025, 250.7166, 245.7023
88, 4, 246.9031, 249.2025, 243.9715, 239.0921
89, 1, 252.3927, 246.2103, 262.7085, 256.4921
89, 2, 249.2025, 251.2633, 259.8298, 254.6332
89, 3, 249.2025, 251.2633, 252.8304, 247.7738
89, 4, 249.2025, 251.2633, 246.0213, 241.1008
90, 1, 246.2103, 272.4179, 256.4921, 282.6496
90, 2, 251.2633, 242.5274, 259.7631, 245.6409
90, 3, 251.2633, 242.5274, 252.8011, 239.0574
90, 4, 251.2633, 242.5274, 246.0275, 232.6521
91, 1, 272.4179, 264.1582, 282.6496, 274.4433
91, 2, 242.5274, 245.2806, 253.5303, 248.4597
91, 3, 242.5274, 245.2806, 246.7265, 241.792
91, 4, 242.5274, 245.2806, 240.1072, 235.3051
92, 1, 264.1582, 256.7553, 274.4433, 267.0558
92, 2, 245.2806, 247.7483, 256.12, 250.9976
92, 3, 245.2806, 247.7483, 249.2385, 244.2538
92, 4, 245.2806, 247.7483, 242.5437, 237.6929
93, 1, 256.7553, 250.1203, 267.0558, 260.4055
93, 2, 247.7483, 249.9599, 258.4517, 253.2827
93, 3, 247.7483, 249.9599, 251.4998, 246.4698
93, 4, 247.7483, 249.9599, 244.7367, 239.8419
94, 1, 250.1203, 244.1737, 260.4055, 254.4189
94, 2, 249.9599, 251.9422, 260.5512, 255.3401
94, 3, 249.9599, 251.9422, 253.5355, 248.4648
94, 4, 249.9599, 251.9422, 246.7103, 241.7761
95, 1, 244.1737, 270.6143, 254.4189, 280.8045
95, 2, 251.9422, 243.1286, 260.4285, 246.2702
95, 3, 251.9422, 243.1286, 253.4514, 239.6723
95, 4, 251.9422, 243.1286, 246.663, 233.253
96, 1, 270.6143, 262.5416, 280.8045, 272.7822
96, 2, 243.1286, 245.8195, 254.1081, 249.0259
96, 3, 243.1286, 245.8195, 247.2914, 242.3456
96, 4, 243.1286, 245.8195, 240.6595, 235.8463
97, 1, 262.5416, 255.3064, 272.7822, 265.5605
97, 2, 245.8195, 248.2312, 256.6399, 251.5071
97, 3, 245.8195, 248.2312, 249.7471, 244.7521
97, 4, 245.8195, 248.2312, 243.0412, 238.1803
98, 1, 255.3064, 248.8218, 265.5605, 259.0595
98, 2, 248.2312, 250.3928, 258.9195, 253.7411
98, 3, 248.2312, 250.3928, 251.9576, 246.9185
98, 4, 248.2312, 250.3928, 245.1847, 240.281
99, 1, 248.8218, 274.7308, 259.0595, 284.9347
99, 2, 250.3928, 241.7565, 258.9223, 244.8458
99, 3, 250.3928, 241.7565, 251.996, 238.2961
99, 4, 250.3928, 241.7565, 245.257, 231.9235
100, 1, 274.7308, 266.2311, 284.9347, 276.5003
100, 2, 241.7565, 244.5897, 252.799, 247.743
100, 3, 241.7565, 244.5897, 246.0273, 241.1067
100, 4, 241.7565, 244.5897, 239.4388, 234.6501
101, 1, 266.2311, 258.6131, 276.5003, 268.9076
101, 2, 244.5897, 247.129, 255.4607, 250.3515
101, 3, 244.5897, 247.129, 248.6091, 243.6369
101, 4, 244.5897, 247.129, 241.943, 237.1041
102, 1, 258.6131, 251.7854, 268.9076, 262.0725
102, 2, 247.129, 249.4049, 257.8573, 252.7002
102, 3, 247.129, 249.4049, 250.9332, 245.9145
102, 4, 247.129, 249.4049, 244.1968, 239.3128
103, 1, 251.7854, 245.6661, 262.0725, 255.9196
103, 2, 249.4049, 251.4447, 260.0152, 254.8149
103, 3, 249.4049, 251.4447, 253.0254, 247.9649
103, 4, 249.4049, 251.4447, 246.2252, 241.3007
104, 1, 245.6661, 271.936, 255.9196, 282.1401
104, 2, 251.4447, 242.688, 259.9333, 245.8019
104, 3, 251.4447, 242.688, 252.9809, 239.2274
104, 4, 251.4447, 242.688, 246.2164, 232.8307
105, 1, 271.936, 263.7263, 282.1401, 273.9845
105, 2, 242.688, 245.4246, 253.677, 248.6035
105, 3, 242.688, 245.4246, 246.8828, 241.9451
105, 4, 242.688, 245.4246, 240.2724, 235.4669
106, 1, 263.7263, 256.3681, 273.9845, 266.6429
106, 2, 245.4246, 247.8773, 256.251, 251.126
106, 3, 245.4246, 247.8773, 249.3792, 244.3916
106, 4, 245.4246, 247.8773, 242.6935, 237.8396
107, 1, 256.3681, 249.7734, 266.6429, 260.0338
107, 2, 247.8773, 250.0756, 258.5686, 253.3973
107, 3, 247.8773, 250.0756, 251.6265, 246.5939
107, 4, 247.8773, 250.0756, 244.8725, 239.9751
108, 1, 249.7734, 275.5735, 260.0338, 285.8018
108, 2, 250.0756, 241.4755, 258.5979, 244.5391
108, 3, 250.0756, 241.4755, 251.6906, 238.0073
108, 4, 250.0756, 241.4755, 244.9698, 231.6519
109, 1, 275.5735, 266.9864, 285.8018, 277.2809
109, 2, 241.4755, 244.3379, 252.5165, 247.4661
109, 3, 241.4755, 244.3379, 245.762, 240.8468
109, 4, 241.4755, 244.3379, 239.1901, 234.4063
110, 1, 266.9864, 259.2901, 277.2809, 269.6103
110, 2, 244.3379, 246.9033, 255.2057, 250.1016
110, 3, 244.3379, 246.9033, 248.3703, 243.4028
110, 4, 244.3379, 246.9033, 241.7198, 236.8855
111, 1, 259.2901, 252.3922, 269.6103, 262.7051
111, 2, 246.9033, 249.2026, 257.627, 252.4744
111, 3, 246.9033, 249.2026, 250.7182, 245.7039
111, 4, 246.9033, 249.2026, 243.9966, 239.1167
112, 1, 252.3922, 246.2099, 262.7051, 256.4891
112, 2, 249.2026, 251.2634, 259.8071, 254.611
112, 3, 249.2026, 251.2634, 252.8319, 247.7753
112, 4, 249.2026, 251.2634, 246.0458, 241.1249
113, 1, 246.2099, 272.4176, 256.4891, 282.6469
113, 2, 251.2634, 242.5275, 259.7408, 245.6198
113, 3, 251.2634, 242.5275, 252.8024, 239.0587
113, 4, 251.2634, 242.5275, 246.0515, 232.6748
114, 1, 272.4176, 264.1579, 282.6469, 274.4408
114, 2, 242.5275, 245.2808, 253.5091, 248.4389
114, 3, 242.5275, 245.2808, 246.7278, 241.7932
114, 4, 242.5275, 245.2808, 240.1298, 235.3272
115, 1, 264.1579, 256.755, 274.4408, 267.0536
115, 2, 245.2808, 247.7484, 256.0992, 250.9772
115, 3, 245.2808, 247.7484, 249.2397, 244.2549
115, 4, 245.2808, 247.7484, 242.5658, 237.7145
116, 1, 256.755, 250.1201, 267.0536, 260.4036
116, 2, 247.7484, 249.96, 258.4313, 253.2626
116, 3, 247.7484, 249.96, 251.5009, 246.4709
116, 4, 247.7484, 249.96, 244.7583, 239.8631
117, 1, 250.1201, 244.1735, 260.4036, 254.4172
117, 2, 249.96, 251.9422, 260.5311, 255.3205
117, 3, 249.96, 251.9422, 253.5364, 248.4657
117, 4, 249.96, 251.9422, 246.7314, 241.7968
118, 1, 244.1735, 270.614, 254.4172, 280.8029
118, 2, 251.9422, 243.1287, 260.4088, 246.2515
118, 3, 251.9422, 243.1287, 253.4523, 239.6732
118, 4, 251.9422, 243.1287, 246.6837, 233.2725
119, 1, 270.614, 262.5414, 280.8029, 272.7808
119, 2, 243.1287, 245.8196, 254.0894, 249.0076
119, 3, 243.1287, 245.8196, 247.2923, 242.3464
119, 4, 243.1287, 245.8196, 240.6789, 235.8654
120, 1, 262.5414, 255.3063, 272.7808, 265.5593
120, 2, 245.8196, 248.2313, 256.6215, 251.4891
120, 3, 245.8196, 248.2313, 249.7478, 244.7529
120, 4, 245.8196, 248.2313, 243.0602, 238.199
121, 1, 255.3063, 248.8216, 265.5593, 259.0584
121, 2, 248.2313, 250.3929, 258.9015, 253.7234
121, 3, 248.2313, 250.3929, 251.9583, 246.9191
121, 4, 248.2313, 250.3929, 245.2033, 240.2992
122, 1, 248.8216, 274.7307, 259.0584, 284.9337
122, 2, 250.3929, 241.7565, 258.9046, 244.8291
122, 3, 250.3929, 241.7565, 251.9967, 238.2967
122, 4, 250.3929, 241.7565, 245.2752, 231.9407
123, 1, 274.7307, 266.231, 284.9337, 276.4994
123, 2, 241.7565, 244.5898, 252.7822, 247.7266
123, 3, 241.7565, 244.5898, 246.0279, 241.1073
123, 4, 241.7565, 244.5898, 239.456, 234.6669
124, 1, 266.231, 258.6131, 276.4994, 268.9067
124, 2, 244.5898, 247.1291, 255.4443, 250.3354
124, 3, 244.5898, 247.1291, 248.6096, 243.6374
124, 4, 244.5898, 247.1291, 241.9598, 237.1206
125, 1, 258.6131, 251.7854, 268.9067, 262.0718
125, 2, 247.1291, 249.405, 257.8412, 252.6844
125, 3, 247.1291, 249.405, 250.9337, 245.915
125, 4, 247.1291, 249.405, 244.2132, 239.329
126, 1, 251.7854, 245.666, 262.0718, 255.9189
126, 2, 249.405, 251.4448, 259.9994, 254.7994
126, 3, 249.405, 251.4448, 253.0259, 247.9654
126, 4, 249.405, 251.4448, 246.2413, 241.3165
127, 1, 245.666, 271.9359, 255.9189, 282.1395
127, 2, 251.4448, 242.6881, 259.9178, 245.7872
127, 3, 251.4448, 242.6881, 252.9814, 239.2279
127, 4, 251.4448, 242.6881, 246.2322, 232.8456
128, 1, 271.9359, 263.7262, 282.1395, 273.984
128, 2, 242.6881, 245.4247, 253.6623, 248.5891
128, 3, 242.6881, 245.4247, 246.8832, 241.9455
128, 4, 242.6881, 245.4247, 240.2873, 235.4816
129, 1, 263.7262, 256.3681, 273.984, 266.6423
129, 2, 245.4247, 247.8774, 256.2366, 251.1118
129, 3, 245.4247, 247.8774, 249.3796, 244.392
129, 4, 245.4247, 247.8774, 242.7081, 237.8539
130, 1, 256.3681, 249.7734, 266.6423, 260.0333
130, 2, 247.8774, 250.0757, 258.5544, 253.3834
130, 3, 247.8774, 250.0757, 251.6268, 246.5943
130, 4, 247.8774, 250.0757, 244.8869, 239.9891
131, 1, 249.7734, 275.5735, 260.0333, 285.8014
131, 2, 250.0757, 241.4756, 258.584, 244.5259
131, 3, 250.0757, 241.4756, 251.691, 238.0076
131, 4, 250.0757, 241.4756, 244.9838, 231.6651
132, 1, 275.5735, 266.9864, 285.8014, 277.2805
132, 2, 241.4756, 244.338, 252.5033, 247.4532
132, 3, 241.4756, 244.338, 245.7623, 240.8471
132, 4, 241.4756, 244.338, 239.2034, 234.4193
133, 1, 266.9864, 259.2901, 277.2805, 269.6099
133, 2, 244.338, 246.9034, 255.1927, 250.0889
133, 3, 244.338, 246.9034, 248.3706, 243.4032
133, 4, 244.338, 246.9034, 241.7328, 236.8981
134, 1, 259.2901, 252.3922, 269.6099, 262.7048
134, 2, 246.9034, 249.2027, 257.6143, 252.462
134, 3, 246.9034, 249.2027, 250.7185, 245.7042
134, 4, 246.9034, 249.2027, 244.0093, 239.1291
135, 1, 252.3922, 246.2099, 262.7048, 256.4888
135, 2, 249.2027, 251.2635, 259.7947, 254.5988
135, 3, 249.2027, 251.2635, 252.8322, 247.7755
135, 4, 249.2027, 251.2635, 246.0582, 241.137
136, 1, 246.2099, 272.4176, 256.4888, 282.6467
136, 2, 251.2635, 242.5276, 259.7285, 245.6082
136, 3, 251.2635, 242.5276, 252.8027, 239.0589
136, 4, 251.2635, 242.5276, 246.0637, 232.6862
137, 1, 272.4176, 264.1579, 282.6467, 274.4406
137, 2, 242.5276, 245.2809, 253.4975, 248.4276
137, 3, 242.5276, 245.2809, 246.728, 241.7935
137, 4, 242.5276, 245.2809, 240.1413, 235.3385
138, 1, 264.1579, 256.755, 274.4406, 267.0534
138, 2, 245.2809, 247.7485, 256.0879, 250.9661
138, 3, 245.2809, 247.7485, 249.2399, 244.2551
138, 4, 245.2809, 247.7485, 242.577, 237.7255
139, 1, 256.755, 250.1201, 267.0534, 260.4034
139, 2, 247.7485, 249.9601, 258.4202, 253.2518
139, 3, 247.7485, 249.9601, 251.5011, 246.4711
139, 4, 247.7485, 249.9601, 244.7692, 239.8739
140, 1, 250.1201, 244.1735, 260.4034, 254.417
140, 2, 249.9601, 251.9423, 260.5202, 255.3098
140, 3, 249.9601, 251.9423, 253.5367, 248.4659
140, 4, 249.9601, 251.9423, 246.7422, 241.8074
141, 1, 244.1735, 270.614, 254.417, 280.8027
141, 2, 251.9423, 243.1288, 260.3981, 246.2414
141, 3, 251.9423, 243.1288, 253.4525, 239.6734
141, 4, 251.9423, 243.1288, 246.6942, 233.2825
142, 1, 270.614, 262.5414, 280.8027, 272.7806
142, 2, 243.1288, 245.8197, 254.0793, 248.9977
142, 3, 243.1288, 245.8197, 247.2924, 242.3466
142, 4, 243.1288, 245.8197, 240.6889, 235.8751
143, 1, 262.5414, 255.3063, 272.7806, 265.5591
143, 2, 245.8197, 248.2314, 256.6116, 251.4793
143, 3, 245.8197, 248.2314, 249.748, 244.753
143, 4, 245.8197, 248.2314, 243.0699, 238.2085
144, 1, 255.3063, 248.8216, 265.5591, 259.0582
144, 2, 248.2314, 250.3929, 258.8917, 253.7139
144, 3, 248.2314, 250.3929, 251.9585, 246.9193
144, 4, 248.2314, 250.3929, 245.2129, 240.3086
145, 1, 248.8216, 274.7307, 259.0582, 284.9335
145, 2, 250.3929, 241.7566, 258.895, 244.82
145, 3, 250.3929, 241.7566, 251.9969, 238.2969
145, 4, 250.3929, 241.7566, 245.2846, 231.9496
146, 1, 274.7307, 266.231, 284.9335, 276.4992
146, 2, 241.7566, 244.5898, 252.7732, 247.7177
146, 3, 241.7566, 244.5898, 246.028, 241.1075
146, 4, 241.7566, 244.5898, 239.4649, 234.6756
147, 1, 266.231, 258.6131, 276.4992, 268.9066
147, 2, 244.5898, 247.1291, 255.4354, 250.3267
147, 3, 244.5898, 247.1291, 248.6098, 243.6376
147, 4, 244.5898, 247.1291, 241.9685, 237.1291
148, 1, 258.6131, 251.7854, 268.9066, 262.0717
148, 2, 247.1291, 249.405, 257.8325, 252.6758
148, 3, 247.1291, 249.405, 250.9339, 245.9152
148, 4, 247.1291, 249.405, 244.2218, 239.3373
149, 1, 251.7854, 245.666, 262.0717, 255.9188
149, 2, 249.405, 251.4448, 259.9908, 254.791
149, 3, 249.405, 251.4448, 253.026, 247.9655
149, 4, 249.405, 251.4448, 246.2497, 241.3247
150, 1, 245.666, 271.9359, 255.9188, 282.1394
150, 2, 251.4448, 242.6882, 259.9094, 245.7793
150, 3, 251.4448, 242.6882, 252.9815, 239.228
150, 4, 251.4448, 242.6882, 246.2404, 232.8534
151, 1, 271.9359, 263.7262, 282.1394, 273.9839
151, 2, 242.6882, 245.4248, 253.6544, 248.5813
151, 3, 242.6882, 245.4248, 246.8833, 241.9457
151, 4, 242.6882, 245.4248, 240.295, 235.4891
152, 1, 263.7262, 256.3681, 273.9839, 266.6423
152, 2, 245.4248, 247.8775, 256.2288, 251.1042
152, 3, 245.4248, 247.8775, 249.3797, 244.3921
152, 4, 245.4248, 247.8775, 242.7157, 237.8614
153, 1, 256.3681, 249.7734, 266.6423, 260.0333
153, 2, 247.8775, 250.0757, 258.5468, 253.3759
153, 3, 247.8775, 250.0757, 251.627, 246.5945
153, 4, 247.8775, 250.0757, 244.8943, 239.9964
154, 1, 249.7734, 275.5735, 260.0333, 285.8014
154, 2, 250.0757, 241.4757, 258.5766, 244.5189
154, 3, 250.0757, 241.4757, 251.6911, 238.0078
154, 4, 250.0757, 241.4757, 244.9911, 231.672
155, 1, 275.5735, 266.9865, 285.8014, 277.2805
155, 2, 241.4757, 244.3381, 252.4962, 247.4463
155, 3, 241.4757, 244.3381, 245.7625, 240.8472
155, 4, 241.4757, 244.3381, 239.2103, 234.426
156, 1, 266.9865, 259.2902, 277.2805, 269.6099
156, 2, 244.3381, 246.9035, 255.1858, 250.0821
156, 3, 244.3381, 246.9035, 248.3707, 243.4033
156, 4, 244.3381, 246.9035, 241.7395, 236.9047
157, 1, 259.2902, 252.3923, 269.6099, 262.7047
157, 2, 246.9035, 249.2028, 257.6075, 252.4554
157, 3, 246.9035, 249.2028, 250.7187, 245.7043
157, 4, 246.9035, 249.2028, 244.0159, 239.1356
158, 1, 252.3923, 246.2099, 262.7047, 256.4887
158, 2, 249.2028, 251.2636, 259.7881, 254.5923
158, 3, 249.2028, 251.2636, 252.8323, 247.7757
158, 4, 249.2028, 251.2636, 246.0646, 241.1433
159, 1, 246.2099, 272.4176, 256.4887, 282.6466
159, 2, 251.2636, 242.5277, 259.7221, 245.6021
159, 3, 251.2636, 242.5277, 252.8028, 239.059
159, 4, 251.2636, 242.5277, 246.07, 232.6922
160, 1, 272.4176, 264.1579, 282.6466, 274.4405
160, 2, 242.5277, 245.2809, 253.4914, 248.4216
160, 3, 242.5277, 245.2809, 246.7281, 241.7936
160, 4, 242.5277, 245.2809, 240.1473, 235.3443
161, 1, 264.1579, 256.7551, 274.4405, 267.0533
161, 2, 245.2809, 247.7485, 256.0819, 250.9602
161, 3, 245.2809, 247.7485, 249.24, 244.2552
161, 4, 245.2809, 247.7485, 242.5829, 237.7312
162, 1, 256.7551, 250.1201, 267.0533, 260.4033
162, 2, 247.7485, 249.9602, 258.4143, 253.246
162, 3, 247.7485, 249.9602, 251.5012, 246.4712
162, 4, 247.7485, 249.9602, 244.775, 239.8795
163, 1, 250.1201, 244.1735, 260.4033, 254.4169
163, 2, 249.9602, 251.9424, 260.5145, 255.3042
163, 3, 249.9602, 251.9424, 253.5368, 248.466
163, 4, 249.9602, 251.9424, 246.7478, 241.8129
164, 1, 244.1735, 270.6142, 254.4169, 280.8027
164, 2, 251.9424, 243.1289, 260.3925, 246.2361
164, 3, 251.9424, 243.1289, 253.4526, 239.6735
164, 4, 251.9424, 243.1289, 246.6997, 233.2878
165, 1, 270.6142, 262.5416, 280.8027, 272.7806
165, 2, 243.1289, 245.8197, 254.0739, 248.9925
165, 3, 243.1289, 245.8197, 247.2925, 242.3467
165, 4, 243.1289, 245.8197, 240.6942, 235.8803
166, 1, 262.5416, 255.3064, 272.7806, 265.5591
166, 2, 245.8197, 248.2315, 256.6064, 251.4743
166, 3, 245.8197, 248.2315, 249.7481, 244.7531
166, 4, 245.8197, 248.2315, 243.0751, 238.2136
167, 1, 255.3064, 248.8217, 265.5591, 259.0582
167, 2, 248.2315, 250.393, 258.8866, 253.7089
167, 3, 248.2315, 250.393, 251.9586, 246.9194
167, 4, 248.2315, 250.393, 245.2179, 240.3136
168, 1, 248.8217, 274.7307, 259.0582, 284.9335
168, 2, 250.393, 241.7567, 258.89, 244.8153
168, 3, 250.393, 241.7567, 251.997, 238.297
168, 4, 250.393, 241.7567, 245.2896, 231.9542
169, 1, 274.7307, 266.2311, 284.9335, 276.4992
169, 2, 241.7567, 244.5899, 252.7684, 247.7131
169, 3, 241.7567, 244.5899, 246.0281, 241.1076
169, 4, 241.7567, 244.5899, 239.4696, 234.6802
170, 1, 266.2311, 258.6131, 276.4992, 268.9066
170, 2, 244.5899, 247.1292, 255.4308, 250.3222
170, 3, 244.5899, 247.1292, 248.6099, 243.6377
170, 4, 244.5899, 247.1292, 241.9731, 237.1336
171, 1, 258.6131, 251.7854, 268.9066, 262.0717
171, 2, 247.1292, 249.4051, 257.8279, 252.6714
171, 3, 247.1292, 249.4051, 250.9339, 245.9153
171, 4, 247.1292, 249.4051, 244.2262, 239.3417
172, 1, 251.7854, 245.6661, 262.0717, 255.9188
172, 2, 249.4051, 251.4449, 259.9864, 254.7867
172, 3, 249.4051, 251.4449, 253.0261, 247.9656
172, 4, 249.4051, 251.4449, 246.2541, 241.329
173, 1, 245.6661, 271.936, 255.9188, 282.1393
173, 2, 251.4449, 242.6882, 259.905, 245.7751
173, 3, 251.4449, 242.6882, 252.9816, 239.2281
173, 4, 251.4449, 242.6882, 246.2447, 232.8574
174, 1, 271.936, 263.7263, 282.1393, 273.9839
174, 2, 242.6882, 245.4248, 253.6503, 248.5773
174, 3, 242.6882, 245.4248, 246.8834, 241.9457
174, 4, 242.6882, 245.4248, 240.2991, 235.4931
175, 1, 263.7263, 256.3682, 273.9839, 266.6423
175, 2, 245.4248, 247.8775, 256.2248, 251.1003
175, 3, 245.4248, 247.8775, 249.3798, 244.3922
175, 4, 245.4248, 247.8775, 242.7197, 237.8653
176, 1, 256.3682, 249.7734, 266.6423, 260.0333
176, 2, 247.8775, 250.0758, 258.5428, 253.372
176, 3, 247.8775, 250.0758, 251.627, 246.5945
176, 4, 247.8775, 250.0758, 244.8982, 240.0002
177, 1, 249.7734, 275.5736, 260.0333, 285.8014
177, 2, 250.0758, 241.4757, 258.5727, 244.5152
177, 3, 250.0758, 241.4757, 251.6911, 238.0078
177, 4, 250.0758, 241.4757, 244.9949, 231.6756
178, 1, 275.5736, 266.9865, 285.8014, 277.2805
178, 2, 241.4757, 244.3381, 252.4926, 247.4427
178, 3, 241.4757, 244.3381, 245.7625, 240.8472
178, 4, 241.4757, 244.3381, 239.2139, 234.4296
179, 1, 266.9865, 259.2902, 277.2805, 269.6099
179, 2, 244.3381, 246.9035, 255.1822, 250.0786
179, 3, 244.3381, 246.9035, 248.3707, 243.4033
179, 4, 244.3381, 246.9035, 241.7431, 236.9082
180, 1, 259.2902, 252.3923, 269.6099, 262.7048
180, 2, 246.9035, 249.2028, 257.604, 252.4519
180, 3, 246.9035, 249.2028, 250.7187, 245.7043
180, 4, 246.9035, 249.2028, 244.0194, 239.139
181, 1, 252.3923, 246.21, 262.7048, 256.4888
181, 2, 249.2028, 251.2636, 259.7846, 254.5889
181, 3, 249.2028, 251.2636, 252.8323, 247.7757
181, 4, 249.2028, 251.2636, 246.0681, 241.1467
182, 1, 246.21, 272.4177, 256.4888, 282.6467
182, 2, 251.2636, 242.5277, 259.7187, 245.5989
182, 3, 251.2636, 242.5277, 252.8029, 239.0591
182, 4, 251.2636, 242.5277, 246.0733, 232.6954
183, 1, 272.4177, 264.158, 282.6467, 274.4406
183, 2, 242.5277, 245.281, 253.4882, 248.4185
183, 3, 242.5277, 245.281, 246.7282, 241.7936
183, 4, 242.5277, 245.281, 240.1504, 235.3474
184, 1, 264.158, 256.7552, 274.4406, 267.0534
184, 2, 245.281, 247.7486, 256.0787, 250.9571
184, 3, 245.281, 247.7486, 249.24, 244.2552
184, 4, 245.281, 247.7486, 242.586, 237.7343
185, 1, 256.7552, 250.1202, 267.0534, 260.4034
185, 2, 247.7486, 249.9602, 258.4112, 253.243
185, 3, 247.7486, 249.9602, 251.5012, 246.4712
185, 4, 247.7486, 249.9602, 244.778, 239.8825
186, 1, 250.1202, 244.1736, 260.4034, 254.417
186, 2, 249.9602, 251.9424, 260.5114, 255.3012
186, 3, 249.9602, 251.9424, 253.5368, 248.466
186, 4, 249.9602, 251.9424, 246.7508, 241.8158
187, 1, 244.1736, 270.6143, 254.417, 280.8028
187, 2, 251.9424, 243.1289, 260.3895, 246.2333
187, 3, 251.9424, 243.1289, 253.4526, 239.6735
187, 4, 251.9424, 243.1289, 246.7027, 233.2905
188, 1, 270.6143, 262.5416, 280.8028, 272.7807
188, 2, 243.1289, 245.8198, 254.0711, 248.9897
188, 3, 243.1289, 245.8198, 247.2926, 242.3467
188, 4, 243.1289, 245.8198, 240.6969, 235.883
189, 1, 262.5416, 255.3064, 272.7807, 265.5591
189, 2, 245.8198, 248.2315, 256.6036, 251.4715
189, 3, 245.8198, 248.2315, 249.7481, 244.7531
189, 4, 245.8198, 248.2315, 243.0778, 238.2162
190, 1, 255.3064, 248.8218, 265.5591, 259.0582
190, 2, 248.2315, 250.3931, 258.8839, 253.7062
190, 3, 248.2315, 250.3931, 251.9586, 246.9194
190, 4, 248.2315, 250.3931, 245.2206, 240.3162
191, 1, 248.8218, 274.7308, 259.0582, 284.9335
191, 2, 250.3931, 241.7567, 258.8874, 244.8128
191, 3, 250.3931, 241.7567, 251.997, 238.297
191, 4, 250.3931, 241.7567, 245.2921, 231.9567
192, 1, 274.7308, 266.2312, 284.9335, 276.4992
192, 2, 241.7567, 244.59, 252.7659, 247.7106
192, 3, 241.7567, 244.59, 246.0281, 241.1076
192, 4, 241.7567, 244.59, 239.472, 234.6826
193, 1, 266.2312, 258.6132, 276.4992, 268.9066
193, 2, 244.59, 247.1293, 255.4283, 250.3198
193, 3, 244.59, 247.1293, 248.6099, 243.6377
193, 4, 244.59, 247.1293, 241.9755, 237.136
194, 1, 258.6132, 251.7855, 268.9066, 262.0717
194, 2, 247.1293, 249.4052, 257.8256, 252.6691
194, 3, 247.1293, 249.4052, 250.934, 245.9153
194, 4, 247.1293, 249.4052, 244.2286, 239.344
195, 1, 251.7855, 245.6661, 262.0717, 255.9188
195, 2, 249.4052, 251.4449, 259.9841, 254.7844
195, 3, 249.4052, 251.4449, 253.0261, 247.9656
195, 4, 249.4052, 251.4449, 246.2564, 241.3313
196, 1, 245.6661, 271.936, 255.9188, 282.1394
196, 2, 251.4449, 242.6883, 259.9028, 245.773
196, 3, 251.4449, 242.6883, 252.9816, 239.2281
196, 4, 251.4449, 242.6883, 246.247, 232.8596
197, 1, 271.936, 263.7263, 282.1394, 273.9839
197, 2, 242.6883, 245.4249, 253.6481, 248.5752
197, 3, 242.6883, 245.4249, 246.8834, 241.9458
197, 4, 242.6883, 245.4249, 240.3012, 235.4952
198, 1, 263.7263, 256.3682, 273.9839, 266.6423
198, 2, 245.4249, 247.8776, 256.2227, 251.0982
198, 3, 245.4249, 247.8776, 249.3798, 244.3922
198, 4, 245.4249, 247.8776, 242.7218, 237.8673
199, 1, 256.3682, 249.7735, 266.6423, 260.0333
199, 2, 247.8776, 250.0759, 258.5408, 253.37
199, 3, 247.8776, 250.0759, 251.6271, 246.5945
199, 4, 247.8776, 250.0759, 244.9002, 240.0022
200, 1, 249.7735, 275.5736, 260.0333, 285.8014
200, 2, 250.0759, 241.4758, 258.5707, 244.5133
200, 3, 250.0759, 241.4758, 251.6912, 238.0078
200, 4, 250.0759, 241.4758, 244.9969, 231.6775
201, 1, 275.5736, 266.9865, 285.8014, 277.2805
201, 2, 241.4758, 244.3382, 252.4907, 247.4409
201, 3, 241.4758, 244.3382, 245.7625, 240.8473
201, 4, 241.4758, 244.3382, 239.2158, 234.4315
202, 1, 266.9865, 259.2902, 277.2805, 269.6099
202, 2, 244.3382, 246.9036, 255.1804, 250.0768
202, 3, 244.3382, 246.9036, 248.3708, 243.4034
202, 4, 244.3382, 246.9036, 241.7449, 236.91
203, 1, 259.2902, 252.3923, 269.6099, 262.7048
203, 2, 246.9036, 249.2029, 257.6022, 252.4501
203, 3, 246.9036, 249.2029, 250.7187, 245.7043
203, 4, 246.9036, 249.2029, 244.0212, 239.1408
204, 1, 252.3923, 246.21, 262.7048, 256.4887
204, 2, 249.2029, 251.2637, 259.7828, 254.5871
204, 3, 249.2029, 251.2637, 252.8324, 247.7757
204, 4, 249.2029, 251.2637, 246.0699, 241.1485
205, 1, 246.21, 272.4177, 256.4887, 282.6466
205, 2, 251.2637, 242.5278, 259.7169, 245.5972
205, 3, 251.2637, 242.5278, 252.8029, 239.0591
205, 4, 251.2637, 242.5278, 246.0751, 232.6971
206, 1, 272.4177, 264.158, 282.6466, 274.4405
206, 2, 242.5278, 245.281, 253.4865, 248.4168
206, 3, 242.5278, 245.281, 246.7282, 241.7936
206, 4, 242.5278, 245.281, 240.1521, 235.3491
207, 1, 264.158, 256.7552, 274.4405, 267.0533
207, 2, 245.281, 247.7486, 256.0771, 250.9555
207, 3, 245.281, 247.7486, 249.2401, 244.2553
207, 4, 245.281, 247.7486, 242.5876, 237.7359
208, 1, 256.7552, 250.1202, 267.0533, 260.4034
208, 2, 247.7486, 249.9603, 258.4096, 253.2414
208, 3, 247.7486, 249.9603, 251.5013, 246.4712
208, 4, 247.7486, 249.9603, 244.7796, 239.884
209, 1, 250.1202, 244.1736, 260.4034, 254.417
209, 2, 249.9603, 251.9425, 260.5098, 255.2996
209, 3, 249.9603, 251.9425, 253.5368, 248.4661
209, 4, 249.9603, 251.9425, 246.7524, 241.8174
210, 1, 244.1736, 270.6143, 254.417, 280.8027
210, 2, 251.9425, 243.129, 260.388, 246.2318
210, 3, 251.9425, 243.129, 253.4526, 239.6735
210, 4, 251.9425, 243.129, 246.7042, 233.292
211, 1, 270.6143, 262.5416, 280.8027, 272.7806
211, 2, 243.129, 245.8198, 254.0696, 248.9883
211, 3, 243.129, 245.8198, 247.2926, 242.3467
211, 4, 243.129, 245.8198, 240.6984, 235.8844
212, 1, 262.5416, 255.3064, 272.7806, 265.5591
212, 2, 245.8198, 248.2316, 256.6022, 251.4701
212, 3, 245.8198, 248.2316, 249.7481, 244.7532
212, 4, 245.8198, 248.2316, 243.0792, 238.2176
213, 1, 255.3064, 248.8218, 265.5591, 259.0582
213, 2, 248.2316, 250.3931, 258.8825, 253.7048
213, 3, 248.2316, 250.3931, 251.9586, 246.9195
213, 4, 248.2316, 250.3931, 245.222, 240.3175
214, 1, 248.8218, 274.7308, 259.0582, 284.9335
214, 2, 250.3931, 241.7568, 258.886, 244.8115
214, 3, 250.3931, 241.7568, 251.997, 238.297
214, 4, 250.3931, 241.7568, 245.2935, 231.958
215, 1, 274.7308, 266.2312, 284.9335, 276.4992
215, 2, 241.7568, 244.59, 252.7646, 247.7093
215, 3, 241.7568, 244.59, 246.0282, 241.1076
215, 4, 241.7568, 244.59, 239.4733, 234.6839
216, 1, 266.2312, 258.6132, 276.4992, 268.9066
216, 2, 244.59, 247.1293, 255.427, 250.3185
216, 3, 244.59, 247.1293, 248.6099, 243.6377
216, 4, 244.59, 247.1293, 241.9767, 237.1372
217, 1, 258.6132, 251.7855, 268.9066, 262.0717
217, 2, 247.1293, 249.4052, 257.8243, 252.6678
217, 3, 247.1293, 249.4052, 250.934, 245.9153
217, 4, 247.1293, 249.4052, 244.2298, 239.3452
218, 1, 251.7855, 245.6661, 262.0717, 255.9188
218, 2, 249.4052, 251.445, 259.9828, 254.7832
218, 3, 249.4052, 251.445, 253.0261, 247.9656
218, 4, 249.4052, 251.445, 246.2576, 241.3324
219, 1, 245.6661, 271.936, 255.9188, 282.1394
219, 2, 251.445, 242.6884, 259.9016, 245.7718
219, 3, 251.445, 242.6884, 252.9816, 239.2281
219, 4, 251.445, 242.6884, 246.2481, 232.8607
220, 1, 271.936, 263.7263, 282.1394, 273.9839
220, 2, 242.6884, 245.425, 253.647, 248.5741
220, 3, 242.6884, 245.425, 246.8835, 241.9458
220, 4, 242.6884, 245.425, 240.3024, 235.4963
221, 1, 263.7263, 256.3682, 273.9839, 266.6423
221, 2, 245.425, 247.8777, 256.2216, 251.0971
221, 3, 245.425, 247.8777, 249.3798, 244.3922
221, 4, 245.425, 247.8777, 242.7229, 237.8684
222, 1, 256.3682, 249.7735, 266.6423, 260.0334
222, 2, 247.8777, 250.0759, 258.5397, 253.3689
222, 3, 247.8777, 250.0759, 251.6271, 246.5945
222, 4, 247.8777, 250.0759, 244.9013, 240.0033
223, 1, 249.7735, 275.5737, 260.0334, 285.8014
223, 2, 250.0759, 241.4758, 258.5696, 244.5123
223, 3, 250.0759, 241.4758, 251.6912, 238.0078
223, 4, 250.0759, 241.4758, 244.998, 231.6785
224, 1, 275.5737, 266.9866, 285.8014, 277.2805
224, 2, 241.4758, 244.3382, 252.4896, 247.4398
224, 3, 241.4758, 244.3382, 245.7625, 240.8473
224, 4, 241.4758, 244.3382, 239.2168, 234.4324
225, 1, 266.9866, 259.2903, 277.2805, 269.6099
225, 2, 244.3382, 246.9036, 255.1794, 250.0758
225, 3, 244.3382, 246.9036, 248.3708, 243.4034
225, 4, 244.3382, 246.9036, 241.7459, 236.911
226, 1, 259.2903, 252.3923, 269.6099, 262.7048
226, 2, 246.9036, 249.2029, 257.6012, 252.4492
226, 3, 246.9036, 249.2029, 250.7187, 245.7044
226, 4, 246.9036, 249.2029, 244.0222, 239.1417
227, 1, 252.3923, 246.21, 262.7048, 256.4887
227, 2, 249.2029, 251.2637, 259.7819, 254.5862
227, 3, 249.2029, 251.2637, 252.8324, 247.7757
227, 4, 249.2029, 251.2637, 246.0708, 241.1494
228, 1, 246.21, 272.4178, 256.4887, 282.6467
228, 2, 251.2637, 242.5278, 259.716, 245.5964
228, 3, 251.2637, 242.5278, 252.8029, 239.0591
228, 4, 251.2637, 242.5278, 246.076, 232.6979
229, 1, 272.4178, 264.1581, 282.6467, 274.4406
229, 2, 242.5278, 245.2811, 253.4857, 248.416
229, 3, 242.5278, 245.2811, 246.7282, 241.7936
229, 4, 242.5278, 245.2811, 240.153, 235.3499
230, 1, 264.1581, 256.7552, 274.4406, 267.0534
230, 2, 245.2811, 247.7487, 256.0762, 250.9547
230, 3, 245.2811, 247.7487, 249.2401, 244.2553
230, 4, 245.2811, 247.7487, 242.5885, 237.7367
231, 1, 256.7552, 250.1203, 267.0534, 260.4034
231, 2, 247.7487, 249.9603, 258.4088, 253.2406
231, 3, 247.7487, 249.9603, 251.5013, 246.4713
231, 4, 247.7487, 249.9603, 244.7805, 239.8848
232, 1, 250.1203, 244.1736, 260.4034, 254.417
232, 2, 249.9603, 251.9425, 260.509, 255.2988
232, 3, 249.9603, 251.9425, 253.5368, 248.4661
232, 4, 249.9603, 251.9425, 246.7532, 241.8181
233, 1, 244.1736, 270.6143, 254.417, 280.8027
233, 2, 251.9425, 243.129, 260.3872, 246.2311
233, 3, 251.9425, 243.129, 253.4527, 239.6735
233, 4, 251.9425, 243.129, 246.705, 233.2927
234, 1, 270.6143, 262.5417, 280.8027, 272.7807
234, 2, 243.129, 245.8199, 254.0689, 248.9875
234, 3, 243.129, 245.8199, 247.2926, 242.3468
234, 4, 243.129, 245.8199, 240.6991, 235.8851
235, 1, 262.5417, 255.3065, 272.7807, 265.5591
235, 2, 245.8199, 248.2316, 256.6014, 251.4694
235, 3, 245.8199, 248.2316, 249.7482, 244.7532
235, 4, 245.8199, 248.2316, 243.0799, 238.2183
236, 1, 255.3065, 248.8218, 265.5591, 259.0583
236, 2, 248.2316, 250.3931, 258.8817, 253.7041
236, 3, 248.2316, 250.3931, 251.9586, 246.9195
236, 4, 248.2316, 250.3931, 245.2227, 240.3182
237, 1, 248.8218, 274.7309, 259.0583, 284.9336
237, 2, 250.3931, 241.7568, 258.8853, 244.8108
237, 3, 250.3931, 241.7568, 251.997, 238.297
237, 4, 250.3931, 241.7568, 245.2942, 231.9586
238, 1, 274.7309, 266.2312, 284.9336, 276.4993
238, 2, 241.7568, 244.59, 252.7639, 247.7086
238, 3, 241.7568, 244.59, 246.0282, 241.1076
238, 4, 241.7568, 244.59, 239.474, 234.6845
239, 1, 266.2312, 258.6133, 276.4993, 268.9066
239, 2, 244.59, 247.1293, 255.4264, 250.3178
239, 3, 244.59, 247.1293, 248.6099, 243.6377
239, 4, 244.59, 247.1293, 241.9774, 237.1378
240, 1, 258.6133, 251.7856, 268.9066, 262.0717
240, 2, 247.1293, 249.4052, 257.8236, 252.6672
240, 3, 247.1293, 249.4052, 250.934, 245.9153
240, 4, 247.1293, 249.4052, 244.2305, 239.3459
241, 1, 251.7856, 245.6662, 262.0717, 255.9189
241, 2, 249.4052, 251.445, 259.9822, 254.7825
241, 3, 249.4052, 251.445, 253.0262, 247.9656
241, 4, 249.4052, 251.445, 246.2582, 241.3331
242, 1, 245.6662, 271.9361, 255.9189, 282.1394
242, 2, 251.445, 242.6884, 259.9009, 245.7712
242, 3, 251.445, 242.6884, 252.9816, 239.2281
242, 4, 251.445, 242.6884, 246.2487, 232.8613
243, 1, 271.9361, 263.7263, 282.1394, 273.984
243, 2, 242.6884, 245.425, 253.6464, 248.5735
243, 3, 242.6884, 245.425, 246.8835, 241.9458
243, 4, 242.6884, 245.425, 240.3029, 235.4969
244, 1, 263.7263, 256.3682, 273.984, 266.6423
244, 2, 245.425, 247.8777, 256.221, 251.0966
244, 3, 245.425, 247.8777, 249.3799, 244.3923
244, 4, 245.425, 247.8777, 242.7234, 237.869
245, 1, 256.3682, 249.7735, 266.6423, 260.0333
245, 2, 247.8777, 250.0759, 258.5392, 253.3684
245, 3, 247.8777, 250.0759, 251.6271, 246.5946
245, 4, 247.8777, 250.0759, 244.9019, 240.0038
246, 1, 249.7735, 275.5737, 260.0333, 285.8014
246, 2, 250.0759, 241.4759, 258.569, 244.5118
246, 3, 250.0759, 241.4759, 251.6912, 238.0079
246, 4, 250.0759, 241.4759, 244.9986, 231.679
247, 1, 275.5737, 266.9866, 285.8014, 277.2805
247, 2, 241.4759, 244.3382, 252.4891, 247.4393
247, 3, 241.4759, 244.3382, 245.7626, 240.8473
247, 4, 241.4759, 244.3382, 239.2173, 234.4329
244, 1, 266.9866, 259.2903, 277.2805, 269.6099
244, 2, 244.3382, 246.9037, 255.1788, 250.0753
244, 3, 244.3382, 246.9037, 248.3708, 243.4034
244, 4, 244.3382, 246.9037, 241.7464, 236.9115
