Action, Iteration, CellID, NeighbourID, TransferAmount, HeatTransfered
Transfer, 1, 1, 2, 55.8245, 55.8245
Transfer, 1, 1, 3, 55.8245, 54.26631
Transfer, 1, 1, 4, 55.8245, 52.75161
Transfer, 2, 1, 2, 51.14994, 51.2792
Transfer, 2, 1, 3, 51.14994, 49.84789
Transfer, 2, 1, 4, 51.14994, 48.45652
Transfer, 2, 2, 1, 1.11649, 2.142074
Transfer, 2, 3, 1, 1.11649, 2.082284
Transfer, 2, 4, 1, 1.11649, 2.024163
Transfer, 3, 1, 2, 46.9603, 47.2784
Transfer, 3, 1, 3, 46.9603, 45.95875
Transfer, 3, 1, 4, 46.9603, 44.67593
Transfer, 3, 2, 1, 2.117159, 3.0448
Transfer, 3, 3, 1, 2.117159, 2.959813
Transfer, 3, 4, 1, 2.117159, 2.877198
Transfer, 4, 1, 2, 43.20528, 43.67685
Transfer, 4, 1, 3, 43.20528, 42.45773
Transfer, 4, 1, 4, 43.20528, 41.27263
Transfer, 4, 2, 1, 3.014022, 3.857441
Transfer, 4, 3, 1, 3.014022, 3.749772
Transfer, 4, 4, 1, 3.014022, 3.645107
Transfer, 5, 1, 2, 39.83979, 40.4347
Transfer, 5, 1, 3, 39.83979, 39.30608
Transfer, 5, 1, 4, 39.83979, 38.20895
Transfer, 5, 2, 1, 3.817847, 4.588986
Transfer, 5, 3, 1, 3.817847, 4.460898
Transfer, 5, 4, 1, 3.817847, 4.336383
Transfer, 6, 1, 2, 36.82343, 37.5161
Transfer, 6, 1, 3, 36.82343, 36.46894
Transfer, 6, 1, 4, 36.82343, 35.45101
Transfer, 6, 2, 1, 4.538286, 5.247529
Transfer, 6, 3, 1, 4.538286, 5.101059
Transfer, 6, 4, 1, 4.538286, 4.958676
Transfer, 7, 1, 2, 34.11998, 34.88875
Transfer, 7, 1, 3, 34.11998, 33.91493
Transfer, 7, 1, 4, 34.11998, 32.96828
Transfer, 7, 2, 1, 5.183989, 5.840353
Transfer, 7, 3, 1, 5.183989, 5.677336
Transfer, 7, 4, 1, 5.183989, 5.518868
Transfer, 8, 1, 2, 31.69697, 32.52359
Transfer, 8, 1, 3, 31.69697, 31.61579
Transfer, 8, 1, 4, 31.69697, 30.73332
Transfer, 8, 2, 1, 5.762708, 6.374018
Transfer, 8, 3, 1, 5.762708, 6.196105
Transfer, 8, 4, 1, 5.762708, 6.023158
Transfer, 9, 1, 2, 29.52531, 30.39446
Transfer, 9, 1, 3, 29.52531, 29.54609
Transfer, 9, 1, 4, 29.52531, 28.72139
Transfer, 9, 2, 1, 6.281394, 6.854427
Transfer, 9, 3, 1, 6.281394, 6.663105
Transfer, 9, 4, 1, 6.281394, 6.477122
Transfer, 10, 1, 2, 27.57894, 28.47781
Transfer, 10, 1, 3, 27.57894, 27.68293
Transfer, 10, 1, 4, 27.57894, 26.91024
Transfer, 10, 2, 1, 6.746271, 7.286894
Transfer, 10, 3, 1, 6.746271, 7.083501
Transfer, 10, 4, 1, 6.746271, 6.885784
Transfer, 11, 1, 2, 25.83448, 26.75242
Transfer, 11, 1, 3, 25.83448, 26.0057
Transfer, 11, 1, 4, 25.83448, 25.27982
Transfer, 11, 2, 1, 7.162925, 7.676205
Transfer, 11, 3, 1, 7.162925, 7.461945
Transfer, 11, 4, 1, 7.162925, 7.253665
Transfer, 12, 1, 2, 24.27098, 25.19921
Transfer, 12, 1, 3, 24.27098, 24.49584
Transfer, 12, 1, 4, 24.27098, 23.81211
Transfer, 12, 2, 1, 7.536355, 8.026665
Transfer, 12, 3, 1, 7.536355, 7.802623
Transfer, 12, 4, 1, 7.536355, 7.584834
Transfer, 13, 1, 2, 22.86968, 23.801
Transfer, 13, 1, 3, 22.86968, 23.13666
Transfer, 13, 1, 4, 22.86968, 22.49086
Transfer, 13, 2, 1, 7.871048, 8.342152
Transfer, 13, 3, 1, 7.871048, 8.109304
Transfer, 13, 4, 1, 7.871048, 7.882955
Transfer, 14, 1, 2, 21.61374, 22.54232
Transfer, 14, 1, 3, 21.61374, 21.91311
Transfer, 14, 1, 4, 21.61374, 21.30147
Transfer, 14, 2, 1, 8.171021, 8.626154
Transfer, 14, 3, 1, 8.171021, 8.38538
Transfer, 14, 4, 1, 8.171021, 8.151324
Transfer, 15, 1, 2, 20.48809, 21.40925
Transfer, 15, 1, 3, 20.48809, 20.81167
Transfer, 15, 1, 4, 20.48809, 20.23077
Transfer, 15, 2, 1, 8.439876, 8.881817
Transfer, 15, 3, 1, 8.439876, 8.633906
Transfer, 15, 4, 1, 8.439876, 8.392914
Transfer, 16, 1, 2, 19.47922, 20.38926
Transfer, 16, 1, 3, 19.47922, 19.82014
Transfer, 16, 1, 4, 19.47922, 19.26692
Transfer, 16, 2, 1, 8.68084, 9.111965
Transfer, 16, 3, 1, 8.68084, 8.857631
Transfer, 16, 4, 1, 8.68084, 8.610394
Transfer, 17, 1, 2, 18.575, 19.47104
Transfer, 17, 1, 3, 18.575, 18.92756
Transfer, 17, 1, 4, 18.575, 18.39925
Transfer, 17, 2, 1, 8.896807, 9.319146
Transfer, 17, 3, 1, 8.896807, 9.059029
Transfer, 17, 4, 1, 8.896807, 8.80617
Transfer, 18, 1, 2, 17.76457, 18.64446
Transfer, 18, 1, 3, 17.76457, 18.12405
Transfer, 18, 1, 4, 17.76457, 17.61817
Transfer, 18, 2, 1, 9.09037, 9.505652
Transfer, 18, 3, 1, 9.09037, 9.24033
Transfer, 18, 4, 1, 9.09037, 8.98241
Transfer, 19, 1, 2, 17.03823, 17.90037
Transfer, 19, 1, 3, 17.03823, 17.40073
Transfer, 19, 1, 4, 17.03823, 16.91504
Transfer, 19, 2, 1, 9.263855, 9.673548
Transfer, 19, 3, 1, 9.263855, 9.403538
Transfer, 19, 4, 1, 9.263855, 9.141064
Transfer, 20, 1, 2, 16.38723, 17.23053
Transfer, 20, 1, 3, 16.38723, 16.74959
Transfer, 20, 1, 4, 16.38723, 16.28207
Transfer, 20, 2, 1, 9.419342, 9.824686
Transfer, 20, 3, 1, 9.419342, 9.550458
Transfer, 20, 4, 1, 9.419342, 9.283883
Transfer, 21, 1, 2, 15.80376, 16.62754
Transfer, 21, 1, 3, 15.80376, 16.16343
Transfer, 21, 1, 4, 15.80376, 15.71227
Transfer, 21, 2, 1, 9.558701, 9.960744
Transfer, 21, 3, 1, 9.558701, 9.682718
Transfer, 21, 4, 1, 9.558701, 9.412452
Transfer, 22, 1, 2, 15.28082, 16.08472
Transfer, 22, 1, 3, 15.28082, 15.63576
Transfer, 22, 1, 4, 15.28082, 15.19933
Transfer, 22, 2, 1, 9.683602, 10.08322
Transfer, 22, 3, 1, 9.683602, 9.80178
Transfer, 22, 4, 1, 9.683602, 9.52819
Transfer, 23, 1, 2, 14.81212, 15.59607
Transfer, 23, 1, 3, 14.81212, 15.16075
Transfer, 23, 1, 4, 14.81212, 14.73758
Transfer, 23, 2, 1, 9.795547, 10.19348
Transfer, 23, 3, 1, 9.795547, 9.908958
Transfer, 23, 4, 1, 9.795547, 9.632377
Transfer, 24, 1, 2, 14.39205, 15.15619
Transfer, 24, 1, 3, 14.39205, 14.73314
Transfer, 24, 1, 4, 14.39205, 14.32191
Transfer, 24, 2, 1, 9.895879, 10.29273
Transfer, 24, 3, 1, 9.895879, 10.00544
Transfer, 24, 4, 1, 9.895879, 9.726168
Transfer, 25, 1, 2, 14.01555, 14.7602
Transfer, 25, 1, 3, 14.01555, 14.34821
Transfer, 25, 1, 4, 14.01555, 13.94772
Transfer, 25, 2, 1, 9.985803, 10.38208
Transfer, 25, 3, 1, 9.985803, 10.0923
Transfer, 25, 4, 1, 9.985803, 9.810598
Transfer, 26, 1, 2, 9.800797, 10.32072
Transfer, 26, 1, 3, 9.800797, 10.11431
Transfer, 26, 1, 4, 9.800797, 9.912019
Transfer, 26, 2, 1, 27.3633, 28.21809
Transfer, 26, 3, 1, 27.3633, 27.43491
Transfer, 26, 4, 1, 27.3633, 26.67348
Transfer, 27, 1, 2, 15.14874, 15.85459
Transfer, 27, 1, 3, 15.14874, 15.41205
Transfer, 27, 1, 4, 15.14874, 14.98186
Transfer, 27, 2, 1, 9.715147, 10.13359
Transfer, 27, 3, 1, 9.715147, 9.852282
Transfer, 27, 4, 1, 9.715147, 9.578794
Transfer, 28, 1, 2, 14.69375, 15.3889
Transfer, 28, 1, 3, 14.69375, 14.95936
Transfer, 28, 1, 4, 14.69375, 14.54181
Transfer, 28, 2, 1, 9.823819, 10.23869
Transfer, 28, 3, 1, 9.823819, 9.954423
Transfer, 28, 4, 1, 9.823819, 9.678055
Transfer, 29, 1, 2, 14.28596, 14.96969
Transfer, 29, 1, 3, 14.28596, 14.55186
Transfer, 29, 1, 4, 14.28596, 14.14568
Transfer, 29, 2, 1, 9.921217, 10.33331
Transfer, 29, 3, 1, 9.921217, 10.04637
Transfer, 29, 4, 1, 9.921217, 9.767406
Transfer, 30, 1, 2, 9.974452, 10.45585
Transfer, 30, 1, 3, 9.974452, 10.24673
Transfer, 30, 1, 4, 9.974452, 10.0418
Transfer, 30, 2, 1, 27.20596, 28.09552
Transfer, 30, 3, 1, 27.20596, 27.31976
Transfer, 30, 4, 1, 27.20596, 26.56548
Transfer, 31, 1, 2, 15.36338, 16.02243
Transfer, 31, 1, 3, 15.36338, 15.57521
Transfer, 31, 1, 4, 15.36338, 15.14047
Transfer, 31, 2, 1, 9.663882, 10.0943
Transfer, 31, 3, 1, 9.663882, 9.815488
Transfer, 31, 4, 1, 9.663882, 9.544394
Transfer, 32, 1, 2, 14.88612, 15.54
Transfer, 32, 1, 3, 14.88612, 15.10624
Transfer, 32, 1, 4, 14.88612, 14.68459
Transfer, 32, 2, 1, 9.777872, 10.20322
Transfer, 32, 3, 1, 9.777872, 9.921302
Transfer, 32, 4, 1, 9.777872, 9.647199
Transfer, 33, 1, 2, 14.45837, 15.10571
Transfer, 33, 1, 3, 14.45837, 14.68408
Transfer, 33, 1, 4, 14.45837, 14.27421
Transfer, 33, 2, 1, 9.880037, 10.30127
Transfer, 33, 3, 1, 9.880037, 10.01656
Transfer, 33, 4, 1, 9.880037, 9.739739
Transfer, 34, 1, 2, 14.075, 14.71476
Transfer, 34, 1, 3, 14.075, 14.30404
Transfer, 34, 1, 4, 14.075, 13.90478
Transfer, 34, 2, 1, 9.971603, 10.38954
Transfer, 34, 3, 1, 9.971603, 10.10231
Transfer, 34, 4, 1, 9.971603, 9.82304
Transfer, 35, 1, 2, 9.838972, 10.29141
Transfer, 35, 1, 3, 9.838972, 10.08558
Transfer, 35, 1, 4, 9.838972, 9.883871
Transfer, 35, 2, 1, 27.32871, 28.23635
Transfer, 35, 3, 1, 27.32871, 27.46001
Transfer, 35, 4, 1, 27.32871, 26.7051
Transfer, 36, 1, 2, 15.19593, 15.81818
Transfer, 36, 1, 3, 15.19593, 15.37666
Transfer, 36, 1, 4, 15.19593, 14.94746
Transfer, 36, 2, 1, 9.703877, 10.13921
Transfer, 36, 3, 1, 9.703877, 9.860306
Transfer, 36, 4, 1, 9.703877, 9.589105
Transfer, 37, 1, 2, 14.73604, 15.35613
Transfer, 37, 1, 3, 14.73604, 14.92751
Transfer, 37, 1, 4, 14.73604, 14.51085
Transfer, 37, 2, 1, 9.813718, 10.24355
Transfer, 37, 3, 1, 9.813718, 9.961649
Transfer, 37, 4, 1, 9.813718, 9.687539
Transfer, 38, 1, 2, 14.32386, 14.94019
Transfer, 38, 1, 3, 14.32386, 14.52318
Transfer, 38, 1, 4, 14.32386, 14.1178
Transfer, 38, 2, 1, 9.912165, 10.33748
Transfer, 38, 3, 1, 9.912165, 10.05288
Transfer, 38, 4, 1, 9.912165, 9.776144
Transfer, 39, 1, 2, 9.998795, 10.43682
Transfer, 39, 1, 3, 9.998795, 10.22809
Transfer, 39, 1, 4, 9.998795, 10.02352
Transfer, 39, 2, 1, 27.1839, 28.10558
Transfer, 39, 3, 1, 27.1839, 27.33609
Transfer, 39, 4, 1, 27.1839, 26.58776
Transfer, 40, 1, 2, 15.39347, 15.9988
Transfer, 40, 1, 3, 15.39347, 15.55224
Transfer, 40, 1, 4, 15.39347, 15.11814
Transfer, 40, 2, 1, 9.656696, 10.09733
Transfer, 40, 3, 1, 9.656696, 9.820707
Transfer, 40, 4, 1, 9.656696, 9.551699
Transfer, 41, 1, 2, 14.91309, 15.51873
Transfer, 41, 1, 3, 14.91309, 15.08556
Transfer, 41, 1, 4, 14.91309, 14.66449
Transfer, 41, 2, 1, 9.771432, 10.20576
Transfer, 41, 3, 1, 9.771432, 9.926005
Transfer, 41, 4, 1, 9.771432, 9.653955
Transfer, 42, 1, 2, 14.48254, 15.08656
Transfer, 42, 1, 3, 14.48254, 14.66546
Transfer, 42, 1, 4, 14.48254, 14.25611
Transfer, 42, 2, 1, 9.874265, 10.30338
Transfer, 42, 3, 1, 9.874265, 10.02079
Transfer, 42, 4, 1, 9.874265, 9.745997
Transfer, 43, 1, 2, 14.09666, 14.69752
Transfer, 43, 1, 3, 14.09666, 14.28728
Transfer, 43, 1, 4, 14.09666, 13.88849
Transfer, 43, 2, 1, 9.966431, 10.39126
Transfer, 43, 3, 1, 9.966431, 10.10612
Transfer, 43, 4, 1, 9.966431, 9.828848
Transfer, 44, 1, 2, 9.852885, 10.28029
Transfer, 44, 1, 3, 9.852885, 10.07468
Transfer, 44, 1, 4, 9.852885, 9.87319
Transfer, 44, 2, 1, 27.31611, 28.24033
Transfer, 44, 3, 1, 27.31611, 27.46958
Transfer, 44, 4, 1, 27.31611, 26.71999
Transfer, 45, 1, 2, 15.21312, 15.80437
Transfer, 45, 1, 3, 15.21312, 15.36323
Transfer, 45, 1, 4, 15.21312, 14.93441
Transfer, 45, 2, 1, 9.699772, 10.14032
Transfer, 45, 3, 1, 9.699772, 9.863369
Transfer, 45, 4, 1, 9.699772, 9.594023
Transfer, 46, 1, 2, 14.75145, 15.34369
Transfer, 46, 1, 3, 14.75145, 14.91542
Transfer, 46, 1, 4, 14.75145, 14.49909
Transfer, 46, 2, 1, 9.810039, 10.24439
Transfer, 46, 3, 1, 9.810039, 9.964409
Transfer, 46, 4, 1, 9.810039, 9.692123
Transfer, 47, 1, 2, 14.33767, 14.929
Transfer, 47, 1, 3, 14.33767, 14.51229
Transfer, 47, 1, 4, 14.33767, 14.10722
Transfer, 47, 2, 1, 9.908868, 10.33808
Transfer, 47, 3, 1, 9.908868, 10.05537
Transfer, 47, 4, 1, 9.908868, 9.780425
Transfer, 48, 1, 2, 13.96682, 14.55568
Transfer, 48, 1, 3, 13.96682, 14.1494
Transfer, 48, 1, 4, 13.96682, 13.75445
Transfer, 48, 2, 1, 9.997443, 10.42243
Transfer, 48, 3, 1, 9.997443, 10.13725
Transfer, 48, 4, 1, 9.997443, 9.859905
Transfer, 49, 1, 2, 9.769499, 10.1888
Transfer, 49, 1, 3, 9.769499, 9.985023
Transfer, 49, 1, 4, 9.769499, 9.785322
Transfer, 49, 2, 1, 27.39166, 28.31841
Transfer, 49, 3, 1, 27.39166, 27.54762
Transfer, 49, 4, 1, 27.39166, 26.79795
Transfer, 50, 1, 2, 15.11006, 15.69073
Transfer, 50, 1, 3, 15.11006, 15.25276
Transfer, 50, 1, 4, 15.11006, 14.82702
Transfer, 50, 2, 1, 9.724387, 10.16521
Transfer, 50, 3, 1, 9.724387, 9.888307
Transfer, 50, 4, 1, 9.724387, 9.618996
Transfer, 51, 1, 2, 14.65908, 15.2414
Transfer, 51, 1, 3, 14.65908, 14.81597
Transfer, 51, 1, 4, 14.65908, 14.40243
Transfer, 51, 2, 1, 9.8321, 10.26673
Transfer, 51, 3, 1, 9.8321, 9.986859
Transfer, 51, 4, 1, 9.8321, 9.714664
Transfer, 52, 1, 2, 14.25488, 14.8369
Transfer, 52, 1, 3, 14.25488, 14.42277
Transfer, 52, 1, 4, 14.25488, 14.0202
Transfer, 52, 2, 1, 9.92864, 10.35814
Transfer, 52, 3, 1, 9.92864, 10.07558
Transfer, 52, 4, 1, 9.92864, 9.800776
Transfer, 53, 1, 2, 9.954496, 10.3702
Transfer, 53, 1, 3, 9.954496, 10.16279
Transfer, 53, 1, 4, 9.954496, 9.959538
Transfer, 53, 2, 1, 27.22404, 28.15698
Transfer, 53, 3, 1, 27.22404, 27.393
Transfer, 53, 4, 1, 27.22404, 26.6499
Transfer, 54, 1, 2, 15.33871, 15.91605
Transfer, 54, 1, 3, 15.33871, 15.47179
Transfer, 54, 1, 4, 15.33871, 15.03994
Transfer, 54, 2, 1, 9.669774, 10.11356
Transfer, 54, 3, 1, 9.669774, 9.838898
Transfer, 54, 4, 1, 9.669774, 9.571752
Transfer, 55, 1, 2, 14.86402, 15.44423
Transfer, 55, 1, 3, 14.86402, 15.01315
Transfer, 55, 1, 4, 14.86402, 14.5941
Transfer, 55, 2, 1, 9.783153, 10.22017
Transfer, 55, 3, 1, 9.783153, 9.942382
Transfer, 55, 4, 1, 9.783153, 9.672198
Transfer, 56, 1, 2, 14.43856, 15.0195
Transfer, 56, 1, 3, 14.43856, 14.60027
Transfer, 56, 1, 4, 14.43856, 14.19274
Transfer, 56, 2, 1, 9.88477, 10.31616
Transfer, 56, 3, 1, 9.88477, 10.03554
Transfer, 56, 4, 1, 9.88477, 9.762609
Transfer, 57, 1, 2, 14.05724, 14.63715
Transfer, 57, 1, 3, 14.05724, 14.2286
Transfer, 57, 1, 4, 14.05724, 13.83144
Transfer, 57, 2, 1, 9.975846, 10.40258
Transfer, 57, 3, 1, 9.975846, 10.1194
Transfer, 57, 4, 1, 9.975846, 9.843986
Transfer, 58, 1, 2, 9.827568, 10.24135
Transfer, 58, 1, 3, 9.827568, 10.03652
Transfer, 58, 1, 4, 9.827568, 9.835794
Transfer, 58, 2, 1, 27.33905, 28.26837
Transfer, 58, 3, 1, 27.33905, 27.50288
Transfer, 58, 4, 1, 27.33905, 26.75828
Transfer, 59, 1, 2, 15.18183, 15.756
Transfer, 59, 1, 3, 15.18183, 15.31622
Transfer, 59, 1, 4, 15.18183, 14.88871
Transfer, 59, 2, 1, 9.707243, 10.1491
Transfer, 59, 3, 1, 9.707243, 9.87401
Transfer, 59, 4, 1, 9.707243, 9.60643
Transfer, 60, 1, 2, 14.72341, 15.30016
Transfer, 60, 1, 3, 14.72341, 14.8731
Transfer, 60, 1, 4, 14.72341, 14.45796
Transfer, 60, 2, 1, 9.816735, 10.25213
Transfer, 60, 3, 1, 9.816735, 9.973993
Transfer, 60, 4, 1, 9.816735, 9.703461
Transfer, 61, 1, 2, 14.31254, 14.8898
Transfer, 61, 1, 3, 14.31254, 14.4742
Transfer, 61, 1, 4, 14.31254, 14.07019
Transfer, 61, 2, 1, 9.914868, 10.34488
Transfer, 61, 3, 1, 9.914868, 10.064
Transfer, 61, 4, 1, 9.914868, 9.790795
Transfer, 62, 1, 2, 9.99152, 10.40432
Transfer, 62, 1, 3, 9.99152, 10.19623
Transfer, 62, 1, 4, 9.99152, 9.992309
Transfer, 62, 2, 1, 27.19049, 28.12353
Transfer, 62, 3, 1, 27.19049, 27.36397
Transfer, 62, 4, 1, 27.19049, 26.6251
Transfer, 63, 1, 2, 15.38448, 15.95843
Transfer, 63, 1, 3, 15.38448, 15.51299
Transfer, 63, 1, 4, 15.38448, 15.07999
Transfer, 63, 2, 1, 9.658842, 10.10277
Transfer, 63, 3, 1, 9.658842, 9.829621
Transfer, 63, 4, 1, 9.658842, 9.563923
Transfer, 64, 1, 2, 14.90503, 15.48238
Transfer, 64, 1, 3, 14.90503, 15.05024
Transfer, 64, 1, 4, 14.90503, 14.63015
Transfer, 64, 2, 1, 9.773355, 10.21036
Transfer, 64, 3, 1, 9.773355, 9.934033
Transfer, 64, 4, 1, 9.773355, 9.665247
Transfer, 65, 1, 2, 14.47532, 15.05384
Transfer, 65, 1, 3, 14.47532, 14.63366
Transfer, 65, 1, 4, 14.47532, 14.2252
Transfer, 65, 2, 1, 9.875989, 10.30723
Transfer, 65, 3, 1, 9.875989, 10.02803
Transfer, 65, 4, 1, 9.875989, 9.756447
Transfer, 66, 1, 2, 14.09019, 14.66807
Transfer, 66, 1, 3, 14.09019, 14.25865
Transfer, 66, 1, 4, 14.09019, 13.86066
Transfer, 66, 2, 1, 9.967976, 10.39445
Transfer, 66, 3, 1, 9.967976, 10.11264
Transfer, 66, 4, 1, 9.967976, 9.838531
Transfer, 67, 1, 2, 9.848727, 10.26129
Transfer, 67, 1, 3, 9.848727, 10.05607
Transfer, 67, 1, 4, 9.848727, 9.854947
Transfer, 67, 2, 1, 27.31987, 28.24779
Transfer, 67, 3, 1, 27.31987, 27.48593
Transfer, 67, 4, 1, 27.31987, 26.74479
Transfer, 68, 1, 2, 15.20798, 15.78077
Transfer, 68, 1, 3, 15.20798, 15.3403
Transfer, 68, 1, 4, 15.20798, 14.91212
Transfer, 68, 2, 1, 9.700995, 10.14244
Transfer, 68, 3, 1, 9.700995, 9.868595
Transfer, 68, 4, 1, 9.700995, 9.602205
Transfer, 69, 1, 2, 14.74685, 15.32246
Transfer, 69, 1, 3, 14.74685, 14.89477
Transfer, 69, 1, 4, 14.74685, 14.47903
Transfer, 69, 2, 1, 9.811135, 10.24604
Transfer, 69, 3, 1, 9.811135, 9.969119
Transfer, 69, 4, 1, 9.811135, 9.699742
Transfer, 70, 1, 2, 14.33355, 14.90988
Transfer, 70, 1, 3, 14.33355, 14.49371
Transfer, 70, 1, 4, 14.33355, 14.08916
Transfer, 70, 2, 1, 9.90985, 10.33932
Transfer, 70, 3, 1, 9.90985, 10.05961
Transfer, 70, 4, 1, 9.90985, 9.787531
Transfer, 71, 1, 2, 13.96312, 14.53847
Transfer, 71, 1, 3, 13.96312, 14.13267
Transfer, 71, 1, 4, 13.96312, 13.73819
Transfer, 71, 2, 1, 9.998324, 10.4233
Transfer, 71, 3, 1, 9.998324, 10.14107
Transfer, 71, 4, 1, 9.998324, 9.866544
Transfer, 72, 1, 2, 9.767123, 10.1777
Transfer, 72, 1, 3, 9.767123, 9.974147
Transfer, 72, 1, 4, 9.767123, 9.774664
Transfer, 72, 2, 1, 27.39381, 28.32012
Transfer, 72, 3, 1, 27.39381, 27.55722
Transfer, 72, 4, 1, 27.39381, 26.81505
Transfer, 73, 1, 2, 15.10712, 15.67694
Transfer, 73, 1, 3, 15.10712, 15.23936
Transfer, 73, 1, 4, 15.10712, 14.814
Transfer, 73, 2, 1, 9.725086, 10.16553
Transfer, 73, 3, 1, 9.725086, 9.891376
Transfer, 73, 4, 1, 9.725086, 9.624684
Transfer, 74, 1, 2, 14.65645, 15.22898
Transfer, 74, 1, 3, 14.65645, 14.80391
Transfer, 74, 1, 4, 14.65645, 14.3907
Transfer, 74, 2, 1, 9.832726, 10.2668
Transfer, 74, 3, 1, 9.832726, 9.989626
Transfer, 74, 4, 1, 9.832726, 9.720004
Transfer, 75, 1, 2, 14.25253, 14.82573
Transfer, 75, 1, 3, 14.25253, 14.41191
Transfer, 75, 1, 4, 14.25253, 14.00964
Transfer, 75, 2, 1, 9.929201, 10.35798
Transfer, 75, 3, 1, 9.929201, 10.07807
Transfer, 75, 4, 1, 9.929201, 9.805798
Transfer, 76, 1, 2, 9.952981, 10.36299
Transfer, 76, 1, 3, 9.952981, 10.15573
Transfer, 76, 1, 4, 9.952981, 9.952617
Transfer, 76, 2, 1, 27.22541, 28.15617
Transfer, 76, 3, 1, 27.22541, 27.39926
Transfer, 76, 4, 1, 27.22541, 26.6629
Transfer, 77, 1, 2, 15.33684, 15.9071
Transfer, 77, 1, 3, 15.33684, 15.46309
Transfer, 77, 1, 4, 15.33684, 15.03148
Transfer, 77, 2, 1, 9.670218, 10.11309
Transfer, 77, 3, 1, 9.670218, 9.840902
Transfer, 77, 4, 1, 9.670218, 9.576105
Transfer, 78, 1, 2, 14.86234, 15.43617
Transfer, 78, 1, 3, 14.86234, 15.00531
Transfer, 78, 1, 4, 14.86234, 14.58648
Transfer, 78, 2, 1, 9.783551, 10.21955
Transfer, 78, 3, 1, 9.783551, 9.94419
Transfer, 78, 4, 1, 9.783551, 9.676313
Transfer, 79, 1, 2, 14.43706, 15.01225
Transfer, 79, 1, 3, 14.43706, 14.59322
Transfer, 79, 1, 4, 14.43706, 14.18589
Transfer, 79, 2, 1, 9.885127, 10.31541
Transfer, 79, 3, 1, 9.885127, 10.03717
Transfer, 79, 4, 1, 9.885127, 9.766504
Transfer, 80, 1, 2, 14.05589, 14.63062
Transfer, 80, 1, 3, 14.05589, 14.22225
Transfer, 80, 1, 4, 14.05589, 13.82527
Transfer, 80, 2, 1, 9.976166, 10.40171
Transfer, 80, 3, 1, 9.976166, 10.12087
Transfer, 80, 4, 1, 9.976166, 9.84768
Transfer, 81, 1, 2, 9.826703, 10.23714
Transfer, 81, 1, 3, 9.826703, 10.0324
Transfer, 81, 1, 4, 9.826703, 9.831748
Transfer, 81, 2, 1, 27.33983, 28.26584
Transfer, 81, 3, 1, 27.33983, 27.50657
Transfer, 81, 4, 1, 27.33983, 26.7679
Transfer, 82, 1, 2, 15.18076, 15.75077
Transfer, 82, 1, 3, 15.18076, 15.31113
Transfer, 82, 1, 4, 15.18076, 14.88376
Transfer, 82, 2, 1, 9.707498, 10.14812
Transfer, 82, 3, 1, 9.707498, 9.875195
Transfer, 82, 4, 1, 9.707498, 9.609677
Transfer, 83, 1, 2, 14.72245, 15.29544
Transfer, 83, 1, 3, 14.72245, 14.86851
Transfer, 83, 1, 4, 14.72245, 14.4535
Transfer, 83, 2, 1, 9.816963, 10.25107
Transfer, 83, 3, 1, 9.816963, 9.975061
Transfer, 83, 4, 1, 9.816963, 9.706554
Transfer, 84, 1, 2, 14.31168, 14.88556
Transfer, 84, 1, 3, 14.31168, 14.47007
Transfer, 84, 1, 4, 14.31168, 14.06618
Transfer, 84, 2, 1, 9.915073, 10.34376
Transfer, 84, 3, 1, 9.915073, 10.06496
Transfer, 84, 4, 1, 9.915073, 9.793747
Transfer, 85, 1, 2, 9.990969, 10.40158
Transfer, 85, 1, 3, 9.990969, 10.19355
Transfer, 85, 1, 4, 9.990969, 9.989679
Transfer, 85, 2, 1, 27.19099, 28.12039
Transfer, 85, 3, 1, 27.19099, 27.36639
Transfer, 85, 4, 1, 27.19099, 26.63282
Transfer, 86, 1, 2, 15.38379, 15.95503
Transfer, 86, 1, 3, 15.38379, 15.50969
Transfer, 86, 1, 4, 15.38379, 15.07678
Transfer, 86, 2, 1, 9.659005, 10.10161
Transfer, 86, 3, 1, 9.659005, 9.830399
Transfer, 86, 4, 1, 9.659005, 9.566545
Transfer, 87, 1, 2, 14.90442, 15.47932
Transfer, 87, 1, 3, 14.90442, 15.04726
Transfer, 87, 1, 4, 14.90442, 14.62726
Transfer, 87, 2, 1, 9.7735, 10.20916
Transfer, 87, 3, 1, 9.7735, 9.934735
Transfer, 87, 4, 1, 9.7735, 9.667759
Transfer, 88, 1, 2, 14.47477, 15.05109
Transfer, 88, 1, 3, 14.47477, 14.63098
Transfer, 88, 1, 4, 14.47477, 14.2226
Transfer, 88, 2, 1, 9.87612, 10.306
Transfer, 88, 3, 1, 9.87612, 10.02866
Transfer, 88, 4, 1, 9.87612, 9.758857
Transfer, 89, 1, 2, 14.0897, 14.66559
Transfer, 89, 1, 3, 14.0897, 14.25624
Transfer, 89, 1, 4, 14.0897, 13.85832
Transfer, 89, 2, 1, 9.968092, 10.39319
Transfer, 89, 3, 1, 9.968092, 10.11321
Transfer, 89, 4, 1, 9.968092, 9.840845
Transfer, 90, 1, 2, 9.848413, 10.2597
Transfer, 90, 1, 3, 9.848413, 10.0545
Transfer, 90, 1, 4, 9.848413, 9.853412
Transfer, 90, 2, 1, 27.32016, 28.24437
Transfer, 90, 3, 1, 27.32016, 27.48737
Transfer, 90, 4, 1, 27.32016, 26.75087
Transfer, 91, 1, 2, 15.20759, 15.77879
Transfer, 91, 1, 3, 15.20759, 15.33837
Transfer, 91, 1, 4, 15.20759, 14.91024
Transfer, 91, 2, 1, 9.701089, 10.14121
Transfer, 91, 3, 1, 9.701089, 9.869058
Transfer, 91, 4, 1, 9.701089, 9.604283
Transfer, 92, 1, 2, 14.7465, 15.32067
Transfer, 92, 1, 3, 14.7465, 14.89303
Transfer, 92, 1, 4, 14.7465, 14.47734
Transfer, 92, 2, 1, 9.811219, 10.2448
Transfer, 92, 3, 1, 9.811219, 9.969538
Transfer, 92, 4, 1, 9.811219, 9.701745
Transfer, 93, 1, 2, 14.33323, 14.90827
Transfer, 93, 1, 3, 14.33323, 14.49214
Transfer, 93, 1, 4, 14.33323, 14.08764
Transfer, 93, 2, 1, 9.909925, 10.33807
Transfer, 93, 3, 1, 9.909925, 10.05999
Transfer, 93, 4, 1, 9.909925, 9.789462
Transfer, 94, 1, 2, 13.96284, 14.53702
Transfer, 94, 1, 3, 13.96284, 14.13126
Transfer, 94, 1, 4, 13.96284, 13.73682
Transfer, 94, 2, 1, 9.998391, 10.42205
Transfer, 94, 3, 1, 9.998391, 10.14142
Transfer, 94, 4, 1, 9.998391, 9.86841
Transfer, 95, 1, 2, 9.766944, 10.17676
Transfer, 95, 1, 3, 9.766944, 9.973229
Transfer, 95, 1, 4, 9.766944, 9.773765
Transfer, 95, 2, 1, 27.39397, 28.31673
Transfer, 95, 3, 1, 27.39397, 27.55808
Transfer, 95, 4, 1, 27.39397, 26.81997
Transfer, 96, 1, 2, 15.1069, 15.67578
Transfer, 96, 1, 3, 15.1069, 15.23823
Transfer, 96, 1, 4, 15.1069, 14.8129
Transfer, 96, 2, 1, 9.725139, 10.16432
Transfer, 96, 3, 1, 9.725139, 9.891654
Transfer, 96, 4, 1, 9.725139, 9.626375
Transfer, 97, 1, 2, 14.65625, 15.22794
Transfer, 97, 1, 3, 14.65625, 14.80289
Transfer, 97, 1, 4, 14.65625, 14.38971
Transfer, 97, 2, 1, 9.832774, 10.2656
Transfer, 97, 3, 1, 9.832774, 9.989879
Transfer, 97, 4, 1, 9.832774, 9.721642
Transfer, 98, 1, 2, 14.25235, 14.82479
Transfer, 98, 1, 3, 14.25235, 14.41099
Transfer, 98, 1, 4, 14.25235, 14.00875
Transfer, 98, 2, 1, 9.929244, 10.35678
Transfer, 98, 3, 1, 9.929244, 10.0783
Transfer, 98, 4, 1, 9.929244, 9.807384
Transfer, 99, 1, 2, 9.952865, 10.36238
Transfer, 99, 1, 3, 9.952865, 10.15514
Transfer, 99, 1, 4, 9.952865, 9.952033
Transfer, 99, 2, 1, 27.22551, 28.15295
Transfer, 99, 3, 1, 27.22551, 27.39984
Transfer, 99, 4, 1, 27.22551, 26.6671
Transfer, 100, 1, 2, 15.3367, 15.90634
Transfer, 100, 1, 3, 15.3367, 15.46236
Transfer, 100, 1, 4, 15.3367, 15.03077
Transfer, 100, 2, 1, 9.670253, 10.11196
Transfer, 100, 3, 1, 9.670253, 9.841087
Transfer, 100, 4, 1, 9.670253, 9.577551
Transfer, 101, 1, 2, 14.86221, 15.43549
Transfer, 101, 1, 3, 14.86221, 15.00465
Transfer, 101, 1, 4, 14.86221, 14.58584
Transfer, 101, 2, 1, 9.783582, 10.21843
Transfer, 101, 3, 1, 9.783582, 9.94436
Transfer, 101, 4, 1, 9.783582, 9.677717
Transfer, 102, 1, 2, 14.43694, 15.01163
Transfer, 102, 1, 3, 14.43694, 14.59262
Transfer, 102, 1, 4, 14.43694, 14.18531
Transfer, 102, 2, 1, 9.885155, 10.31429
Transfer, 102, 3, 1, 9.885155, 10.03732
Transfer, 102, 4, 1, 9.885155, 9.767869
Transfer, 103, 1, 2, 14.05579, 14.63007
Transfer, 103, 1, 3, 14.05579, 14.22171
Transfer, 103, 1, 4, 14.05579, 13.82475
Transfer, 103, 2, 1, 9.976191, 10.40061
Transfer, 103, 3, 1, 9.976191, 10.12101
Transfer, 103, 4, 1, 9.976191, 9.849006
Transfer, 104, 1, 2, 9.826637, 10.23679
Transfer, 104, 1, 3, 9.826637, 10.03205
Transfer, 104, 1, 4, 9.826637, 9.831409
Transfer, 104, 2, 1, 27.33989, 28.26288
Transfer, 104, 3, 1, 27.33989, 27.50693
Transfer, 104, 4, 1, 27.33989, 26.77142
Transfer, 105, 1, 2, 15.18068, 15.75033
Transfer, 105, 1, 3, 15.18068, 15.3107
Transfer, 105, 1, 4, 15.18068, 14.88335
Transfer, 105, 2, 1, 9.707519, 10.14708
Transfer, 105, 3, 1, 9.707519, 9.875308
Transfer, 105, 4, 1, 9.707519, 9.610893
Transfer, 106, 1, 2, 14.72238, 15.29505
Transfer, 106, 1, 3, 14.72238, 14.86813
Transfer, 106, 1, 4, 14.72238, 14.45313
Transfer, 106, 2, 1, 9.816982, 10.25004
Transfer, 106, 3, 1, 9.816982, 9.975165
Transfer, 106, 4, 1, 9.816982, 9.707738
Transfer, 107, 1, 2, 14.31161, 14.88521
Transfer, 107, 1, 3, 14.31161, 14.46973
Transfer, 107, 1, 4, 14.31161, 14.06585
Transfer, 107, 2, 1, 9.915091, 10.34275
Transfer, 107, 3, 1, 9.915091, 10.06506
Transfer, 107, 4, 1, 9.915091, 9.794901
Transfer, 108, 1, 2, 9.990928, 10.40136
Transfer, 108, 1, 3, 9.990928, 10.19333
Transfer, 108, 1, 4, 9.990928, 9.989462
Transfer, 108, 2, 1, 27.19103, 28.11769
Transfer, 108, 3, 1, 27.19103, 27.36663
Transfer, 108, 4, 1, 27.19103, 26.63588
Transfer, 109, 1, 2, 15.38374, 15.95475
Transfer, 109, 1, 3, 15.38374, 15.50941
Transfer, 109, 1, 4, 15.38374, 15.07651
Transfer, 109, 2, 1, 9.659019, 10.10066
Transfer, 109, 3, 1, 9.659019, 9.830478
Transfer, 109, 4, 1, 9.659019, 9.567605
Transfer, 110, 1, 2, 14.90437, 15.47907
Transfer, 110, 1, 3, 14.90437, 15.04701
Transfer, 110, 1, 4, 14.90437, 14.62702
Transfer, 110, 2, 1, 9.773513, 10.20823
Transfer, 110, 3, 1, 9.773513, 9.934808
Transfer, 110, 4, 1, 9.773513, 9.668793
Transfer, 111, 1, 2, 14.47473, 15.05086
Transfer, 111, 1, 3, 14.47473, 14.63076
Transfer, 111, 1, 4, 14.47473, 14.22238
Transfer, 111, 2, 1, 9.876131, 10.30508
Transfer, 111, 3, 1, 9.876131, 10.02873
Transfer, 111, 4, 1, 9.876131, 9.759865
Transfer, 112, 1, 2, 14.08966, 14.66539
Transfer, 112, 1, 3, 14.08966, 14.25604
Transfer, 112, 1, 4, 14.08966, 13.85812
Transfer, 112, 2, 1, 9.968102, 10.39229
Transfer, 112, 3, 1, 9.968102, 10.11327
Transfer, 112, 4, 1, 9.968102, 9.84183
Transfer, 113, 1, 2, 9.848389, 10.25957
Transfer, 113, 1, 3, 9.848389, 10.05437
Transfer, 113, 1, 4, 9.848389, 9.853287
Transfer, 113, 2, 1, 27.32018, 28.24195
Transfer, 113, 3, 1, 27.32018, 27.48753
Transfer, 113, 4, 1, 27.32018, 26.75349
Transfer, 114, 1, 2, 15.20757, 15.77863
Transfer, 114, 1, 3, 15.20757, 15.33821
Transfer, 114, 1, 4, 15.20757, 14.91009
Transfer, 114, 2, 1, 9.701098, 10.14037
Transfer, 114, 3, 1, 9.701098, 9.869109
Transfer, 114, 4, 1, 9.701098, 9.605191
Transfer, 115, 1, 2, 14.74647, 15.32052
Transfer, 115, 1, 3, 14.74647, 14.89289
Transfer, 115, 1, 4, 14.74647, 14.4772
Transfer, 115, 2, 1, 9.811228, 10.24397
Transfer, 115, 3, 1, 9.811228, 9.969584
Transfer, 115, 4, 1, 9.811228, 9.702632
Transfer, 116, 1, 2, 14.33321, 14.90814
Transfer, 116, 1, 3, 14.33321, 14.49202
Transfer, 116, 1, 4, 14.33321, 14.08751
Transfer, 116, 2, 1, 9.909933, 10.33725
Transfer, 116, 3, 1, 9.909933, 10.06003
Transfer, 116, 4, 1, 9.909933, 9.79033
Transfer, 117, 1, 2, 13.96282, 14.5369
Transfer, 117, 1, 3, 13.96282, 14.13115
Transfer, 117, 1, 4, 13.96282, 13.73671
Transfer, 117, 2, 1, 9.998398, 10.42124
Transfer, 117, 3, 1, 9.998398, 10.14145
Transfer, 117, 4, 1, 9.998398, 9.869257
Transfer, 118, 1, 2, 9.766932, 10.17669
Transfer, 118, 1, 3, 9.766932, 9.973156
Transfer, 118, 1, 4, 9.766932, 9.773693
Transfer, 118, 2, 1, 27.39399, 28.31458
Transfer, 118, 3, 1, 27.39399, 27.55818
Transfer, 118, 4, 1, 27.39399, 26.82223
Transfer, 119, 1, 2, 15.10688, 15.67569
Transfer, 119, 1, 3, 15.10688, 15.23814
Transfer, 119, 1, 4, 15.10688, 14.81281
Transfer, 119, 2, 1, 9.725145, 10.16358
Transfer, 119, 3, 1, 9.725145, 9.891688
Transfer, 119, 4, 1, 9.725145, 9.627157
Transfer, 120, 1, 2, 14.65624, 15.22785
Transfer, 120, 1, 3, 14.65624, 14.80281
Transfer, 120, 1, 4, 14.65624, 14.38963
Transfer, 120, 2, 1, 9.832779, 10.26486
Transfer, 120, 3, 1, 9.832779, 9.98991
Transfer, 120, 4, 1, 9.832779, 9.722405
Transfer, 121, 1, 2, 14.25233, 14.82472
Transfer, 121, 1, 3, 14.25233, 14.41092
Transfer, 121, 1, 4, 14.25233, 14.00868
Transfer, 121, 2, 1, 9.929249, 10.35606
Transfer, 121, 3, 1, 9.929249, 10.07833
Transfer, 121, 4, 1, 9.929249, 9.808131
Transfer, 122, 1, 2, 9.95286, 10.36234
Transfer, 122, 1, 3, 9.95286, 10.15509
Transfer, 122, 1, 4, 9.95286, 9.951987
Transfer, 122, 2, 1, 27.22552, 28.15103
Transfer, 122, 3, 1, 27.22552, 27.39992
Transfer, 122, 4, 1, 27.22552, 26.66909
Transfer, 123, 1, 2, 15.33669, 15.90628
Transfer, 123, 1, 3, 15.33669, 15.4623
Transfer, 123, 1, 4, 15.33669, 15.03071
Transfer, 123, 2, 1, 9.670257, 10.11129
Transfer, 123, 3, 1, 9.670257, 9.841113
Transfer, 123, 4, 1, 9.670257, 9.57824
Transfer, 124, 1, 2, 14.8622, 15.43544
Transfer, 124, 1, 3, 14.8622, 15.0046
Transfer, 124, 1, 4, 14.8622, 14.58579
Transfer, 124, 2, 1, 9.783586, 10.21777
Transfer, 124, 3, 1, 9.783586, 9.944384
Transfer, 124, 4, 1, 9.783586, 9.678391
Transfer, 125, 1, 2, 14.43694, 15.01159
Transfer, 125, 1, 3, 14.43694, 14.59258
Transfer, 125, 1, 4, 14.43694, 14.18527
Transfer, 125, 2, 1, 9.885158, 10.31365
Transfer, 125, 3, 1, 9.885158, 10.03735
Transfer, 125, 4, 1, 9.885158, 9.768529
Transfer, 126, 1, 2, 14.05578, 14.63003
Transfer, 126, 1, 3, 14.05578, 14.22167
Transfer, 126, 1, 4, 14.05578, 13.82471
Transfer, 126, 2, 1, 9.976193, 10.39997
Transfer, 126, 3, 1, 9.976193, 10.12103
Transfer, 126, 4, 1, 9.976193, 9.849652
Transfer, 127, 1, 2, 9.826633, 10.23676
Transfer, 127, 1, 3, 9.826633, 10.03202
Transfer, 127, 1, 4, 9.826633, 9.831381
Transfer, 127, 2, 1, 27.3399, 28.26119
Transfer, 127, 3, 1, 27.3399, 27.50698
Transfer, 127, 4, 1, 27.3399, 26.77314
Transfer, 128, 1, 2, 15.18068, 15.7503
Transfer, 128, 1, 3, 15.18068, 15.31067
Transfer, 128, 1, 4, 15.18068, 14.88331
Transfer, 128, 2, 1, 9.70752, 10.14649
Transfer, 128, 3, 1, 9.70752, 9.875327
Transfer, 128, 4, 1, 9.70752, 9.611491
Transfer, 129, 1, 2, 14.72237, 15.29502
Transfer, 129, 1, 3, 14.72237, 14.8681
Transfer, 129, 1, 4, 14.72237, 14.4531
Transfer, 129, 2, 1, 9.816983, 10.24946
Transfer, 129, 3, 1, 9.816983, 9.975183
Transfer, 129, 4, 1, 9.816983, 9.708323
Transfer, 130, 1, 2, 14.31161, 14.88518
Transfer, 130, 1, 3, 14.31161, 14.4697
Transfer, 130, 1, 4, 14.31161, 14.06581
Transfer, 130, 2, 1, 9.915092, 10.34218
Transfer, 130, 3, 1, 9.915092, 10.06507
Transfer, 130, 4, 1, 9.915092, 9.795474
Transfer, 131, 1, 2, 9.990927, 10.40133
Transfer, 131, 1, 3, 9.990927, 10.19331
Transfer, 131, 1, 4, 9.990927, 9.989443
Transfer, 131, 2, 1, 27.19103, 28.11617
Transfer, 131, 3, 1, 27.19103, 27.36667
Transfer, 131, 4, 1, 27.19103, 26.6374
Transfer, 132, 1, 2, 15.38374, 15.95472
Transfer, 132, 1, 3, 15.38374, 15.50939
Transfer, 132, 1, 4, 15.38374, 15.07649
Transfer, 132, 2, 1, 9.659019, 10.10013
Transfer, 132, 3, 1, 9.659019, 9.830492
Transfer, 132, 4, 1, 9.659019, 9.568134
Transfer, 133, 1, 2, 14.90437, 15.47905
Transfer, 133, 1, 3, 14.90437, 15.04699
Transfer, 133, 1, 4, 14.90437, 14.627
Transfer, 133, 2, 1, 9.773514, 10.20771
Transfer, 133, 3, 1, 9.773514, 9.934822
Transfer, 133, 4, 1, 9.773514, 9.669312
Transfer, 134, 1, 2, 14.47473, 15.05084
Transfer, 134, 1, 3, 14.47473, 14.63074
Transfer, 134, 1, 4, 14.47473, 14.22236
Transfer, 134, 2, 1, 9.87613, 10.30457
Transfer, 134, 3, 1, 9.87613, 10.02874
Transfer, 134, 4, 1, 9.87613, 9.760372
Transfer, 135, 1, 2, 14.08966, 14.66537
Transfer, 135, 1, 3, 14.08966, 14.25602
Transfer, 135, 1, 4, 14.08966, 13.85811
Transfer, 135, 2, 1, 9.968102, 10.39179
Transfer, 135, 3, 1, 9.968102, 10.11329
Transfer, 135, 4, 1, 9.968102, 9.842327
Transfer, 136, 1, 2, 9.848389, 10.25955
Transfer, 136, 1, 3, 9.848389, 10.05436
Transfer, 136, 1, 4, 9.848389, 9.853275
Transfer, 136, 2, 1, 27.32018, 28.24062
Transfer, 136, 3, 1, 27.32018, 27.48755
Transfer, 136, 4, 1, 27.32018, 26.75481
Transfer, 137, 1, 2, 15.20757, 15.77861
Transfer, 137, 1, 3, 15.20757, 15.3382
Transfer, 137, 1, 4, 15.20757, 14.91007
Transfer, 137, 2, 1, 9.701096, 10.1399
Transfer, 137, 3, 1, 9.701096, 9.86912
Transfer, 137, 4, 1, 9.701096, 9.60565
Transfer, 138, 1, 2, 14.74647, 15.32051
Transfer, 138, 1, 3, 14.74647, 14.89288
Transfer, 138, 1, 4, 14.74647, 14.47719
Transfer, 138, 2, 1, 9.811225, 10.24352
Transfer, 138, 3, 1, 9.811225, 9.969595
Transfer, 138, 4, 1, 9.811225, 9.70308
Transfer, 139, 1, 2, 14.33321, 14.90813
Transfer, 139, 1, 3, 14.33321, 14.49201
Transfer, 139, 1, 4, 14.33321, 14.0875
Transfer, 139, 2, 1, 9.90993, 10.33681
Transfer, 139, 3, 1, 9.90993, 10.06004
Transfer, 139, 4, 1, 9.90993, 9.790769
Transfer, 140, 1, 2, 13.96282, 14.53689
Transfer, 140, 1, 3, 13.96282, 14.13114
Transfer, 140, 1, 4, 13.96282, 13.7367
Transfer, 140, 2, 1, 9.998396, 10.42081
Transfer, 140, 3, 1, 9.998396, 10.14147
Transfer, 140, 4, 1, 9.998396, 9.869687
Transfer, 141, 1, 2, 9.766931, 10.17668
Transfer, 141, 1, 3, 9.766931, 9.97315
Transfer, 141, 1, 4, 9.766931, 9.773687
Transfer, 141, 2, 1, 27.39399, 28.31343
Transfer, 141, 3, 1, 27.39399, 27.55821
Transfer, 141, 4, 1, 27.39399, 26.82337
Transfer, 142, 1, 2, 15.10688, 15.67568
Transfer, 142, 1, 3, 15.10688, 15.23813
Transfer, 142, 1, 4, 15.10688, 14.8128
Transfer, 142, 2, 1, 9.725143, 10.16317
Transfer, 142, 3, 1, 9.725143, 9.891697
Transfer, 142, 4, 1, 9.725143, 9.627556
Transfer, 143, 1, 2, 14.65623, 15.22785
Transfer, 143, 1, 3, 14.65623, 14.8028
Transfer, 143, 1, 4, 14.65623, 14.38962
Transfer, 143, 2, 1, 9.832778, 10.26447
Transfer, 143, 3, 1, 9.832778, 9.989919
Transfer, 143, 4, 1, 9.832778, 9.722796
Transfer, 144, 1, 2, 14.25233, 14.82471
Transfer, 144, 1, 3, 14.25233, 14.41092
Transfer, 144, 1, 4, 14.25233, 14.00868
Transfer, 144, 2, 1, 9.929247, 10.35567
Transfer, 144, 3, 1, 9.929247, 10.07834
Transfer, 144, 4, 1, 9.929247, 9.808514
Transfer, 145, 1, 2, 9.952859, 10.36233
Transfer, 145, 1, 3, 9.952859, 10.15508
Transfer, 145, 1, 4, 9.952859, 9.951982
Transfer, 145, 2, 1, 27.22552, 28.14999
Transfer, 145, 3, 1, 27.22552, 27.39994
Transfer, 145, 4, 1, 27.22552, 26.67011
Transfer, 146, 1, 2, 15.33669, 15.90627
Transfer, 146, 1, 3, 15.33669, 15.4623
Transfer, 146, 1, 4, 15.33669, 15.03071
Transfer, 146, 2, 1, 9.670255, 10.11093
Transfer, 146, 3, 1, 9.670255, 9.841122
Transfer, 146, 4, 1, 9.670255, 9.578596
Transfer, 147, 1, 2, 14.8622, 15.43543
Transfer, 147, 1, 3, 14.8622, 15.0046
Transfer, 147, 1, 4, 14.8622, 14.58579
Transfer, 147, 2, 1, 9.783584, 10.21742
Transfer, 147, 3, 1, 9.783584, 9.944391
Transfer, 147, 4, 1, 9.783584, 9.67874
Transfer, 148, 1, 2, 14.43693, 15.01158
Transfer, 148, 1, 3, 14.43693, 14.59257
Transfer, 148, 1, 4, 14.43693, 14.18526
Transfer, 148, 2, 1, 9.885157, 10.3133
Transfer, 148, 3, 1, 9.885157, 10.03735
Transfer, 148, 4, 1, 9.885157, 9.76887
Transfer, 149, 1, 2, 14.05579, 14.63002
Transfer, 149, 1, 3, 14.05579, 14.22167
Transfer, 149, 1, 4, 14.05579, 13.82471
Transfer, 149, 2, 1, 9.976192, 10.39964
Transfer, 149, 3, 1, 9.976192, 10.12104
Transfer, 149, 4, 1, 9.976192, 9.849987
Transfer, 150, 1, 2, 9.826634, 10.23675
Transfer, 150, 1, 3, 9.826634, 10.03202
Transfer, 150, 1, 4, 9.826634, 9.831377
Transfer, 150, 2, 1, 27.33989, 28.26029
Transfer, 150, 3, 1, 27.33989, 27.507
Transfer, 150, 4, 1, 27.33989, 26.77403
Transfer, 151, 1, 2, 15.18068, 15.75029
Transfer, 151, 1, 3, 15.18068, 15.31066
Transfer, 151, 1, 4, 15.18068, 14.88331
Transfer, 151, 2, 1, 9.707519, 10.14618
Transfer, 151, 3, 1, 9.707519, 9.875334
Transfer, 151, 4, 1, 9.707519, 9.611801
Transfer, 152, 1, 2, 14.72237, 15.29501
Transfer, 152, 1, 3, 14.72237, 14.8681
Transfer, 152, 1, 4, 14.72237, 14.45309
Transfer, 152, 2, 1, 9.816981, 10.24916
Transfer, 152, 3, 1, 9.816981, 9.975189
Transfer, 152, 4, 1, 9.816981, 9.708627
Transfer, 153, 1, 2, 14.31161, 14.88517
Transfer, 153, 1, 3, 14.31161, 14.46969
Transfer, 153, 1, 4, 14.31161, 14.06581
Transfer, 153, 2, 1, 9.91509, 10.34188
Transfer, 153, 3, 1, 9.91509, 10.06508
Transfer, 153, 4, 1, 9.91509, 9.795771
Transfer, 154, 1, 2, 9.990927, 10.40133
Transfer, 154, 1, 3, 9.990927, 10.19331
Transfer, 154, 1, 4, 9.990927, 9.989439
Transfer, 154, 2, 1, 27.19103, 28.11537
Transfer, 154, 3, 1, 27.19103, 27.36669
Transfer, 154, 4, 1, 27.19103, 26.63819
Transfer, 155, 1, 2, 15.38374, 15.95472
Transfer, 155, 1, 3, 15.38374, 15.50939
Transfer, 155, 1, 4, 15.38374, 15.07649
Transfer, 155, 2, 1, 9.659018, 10.09985
Transfer, 155, 3, 1, 9.659018, 9.830498
Transfer, 155, 4, 1, 9.659018, 9.56841
Transfer, 156, 1, 2, 14.90437, 15.47904
Transfer, 156, 1, 3, 14.90437, 15.04699
Transfer, 156, 1, 4, 14.90437, 14.62699
Transfer, 156, 2, 1, 9.773512, 10.20744
Transfer, 156, 3, 1, 9.773512, 9.934827
Transfer, 156, 4, 1, 9.773512, 9.66958
Transfer, 157, 1, 2, 14.47473, 15.05084
Transfer, 157, 1, 3, 14.47473, 14.63073
Transfer, 157, 1, 4, 14.47473, 14.22236
Transfer, 157, 2, 1, 9.876129, 10.30431
Transfer, 157, 3, 1, 9.876129, 10.02875
Transfer, 157, 4, 1, 9.876129, 9.760636
Transfer, 158, 1, 2, 14.08966, 14.66536
Transfer, 158, 1, 3, 14.08966, 14.25602
Transfer, 158, 1, 4, 14.08966, 13.8581
Transfer, 158, 2, 1, 9.968102, 10.39153
Transfer, 158, 3, 1, 9.968102, 10.11329
Transfer, 158, 4, 1, 9.968102, 9.842586
Transfer, 159, 1, 2, 9.848389, 10.25955
Transfer, 159, 1, 3, 9.848389, 10.05436
Transfer, 159, 1, 4, 9.848389, 9.853269
Transfer, 159, 2, 1, 27.32018, 28.23992
Transfer, 159, 3, 1, 27.32018, 27.48757
Transfer, 159, 4, 1, 27.32018, 26.7555
Transfer, 160, 1, 2, 15.20757, 15.7786
Transfer, 160, 1, 3, 15.20757, 15.33819
Transfer, 160, 1, 4, 15.20757, 14.91006
Transfer, 160, 2, 1, 9.701096, 10.13966
Transfer, 160, 3, 1, 9.701096, 9.869124
Transfer, 160, 4, 1, 9.701096, 9.60589
Transfer, 161, 1, 2, 14.74647, 15.3205
Transfer, 161, 1, 3, 14.74647, 14.89287
Transfer, 161, 1, 4, 14.74647, 14.47718
Transfer, 161, 2, 1, 9.811225, 10.24328
Transfer, 161, 3, 1, 9.811225, 9.9696
Transfer, 161, 4, 1, 9.811225, 9.703316
Transfer, 162, 1, 2, 14.33321, 14.90812
Transfer, 162, 1, 3, 14.33321, 14.492
Transfer, 162, 1, 4, 14.33321, 14.08749
Transfer, 162, 2, 1, 9.90993, 10.33657
Transfer, 162, 3, 1, 9.90993, 10.06005
Transfer, 162, 4, 1, 9.90993, 9.790999
Transfer, 163, 1, 2, 13.96282, 14.53689
Transfer, 163, 1, 3, 13.96282, 14.13113
Transfer, 163, 1, 4, 13.96282, 13.7367
Transfer, 163, 2, 1, 9.998396, 10.42058
Transfer, 163, 3, 1, 9.998396, 10.14147
Transfer, 163, 4, 1, 9.998396, 9.869914
Transfer, 164, 1, 2, 9.766931, 10.17668
Transfer, 164, 1, 3, 9.766931, 9.973145
Transfer, 164, 1, 4, 9.766931, 9.773682
Transfer, 164, 2, 1, 27.39399, 28.31281
Transfer, 164, 3, 1, 27.39399, 27.55822
Transfer, 164, 4, 1, 27.39399, 26.82397
Transfer, 165, 1, 2, 15.10688, 15.67567
Transfer, 165, 1, 3, 15.10688, 15.23813
Transfer, 165, 1, 4, 15.10688, 14.8128
Transfer, 165, 2, 1, 9.725143, 10.16296
Transfer, 165, 3, 1, 9.725143, 9.891701
Transfer, 165, 4, 1, 9.725143, 9.627766
Transfer, 166, 1, 2, 14.65623, 15.22784
Transfer, 166, 1, 3, 14.65623, 14.8028
Transfer, 166, 1, 4, 14.65623, 14.38962
Transfer, 166, 2, 1, 9.832778, 10.26426
Transfer, 166, 3, 1, 9.832778, 9.989923
Transfer, 166, 4, 1, 9.832778, 9.723002
Transfer, 167, 1, 2, 14.25233, 14.8247
Transfer, 167, 1, 3, 14.25233, 14.41091
Transfer, 167, 1, 4, 14.25233, 14.00867
Transfer, 167, 2, 1, 9.929247, 10.35547
Transfer, 167, 3, 1, 9.929247, 10.07834
Transfer, 167, 4, 1, 9.929247, 9.808716
Transfer, 168, 1, 2, 9.952859, 10.36233
Transfer, 168, 1, 3, 9.952859, 10.15508
Transfer, 168, 1, 4, 9.952859, 9.95198
Transfer, 168, 2, 1, 27.22552, 28.14945
Transfer, 168, 3, 1, 27.22552, 27.39995
Transfer, 168, 4, 1, 27.22552, 26.67064
Transfer, 169, 1, 2, 15.33669, 15.90627
Transfer, 169, 1, 3, 15.33669, 15.46229
Transfer, 169, 1, 4, 15.33669, 15.03071
Transfer, 169, 2, 1, 9.670255, 10.11074
Transfer, 169, 3, 1, 9.670255, 9.841125
Transfer, 169, 4, 1, 9.670255, 9.578782
Transfer, 170, 1, 2, 14.8622, 15.43543
Transfer, 170, 1, 3, 14.8622, 15.0046
Transfer, 170, 1, 4, 14.8622, 14.58578
Transfer, 170, 2, 1, 9.783584, 10.21723
Transfer, 170, 3, 1, 9.783584, 9.944394
Transfer, 170, 4, 1, 9.783584, 9.678922
Transfer, 171, 1, 2, 14.43693, 15.01158
Transfer, 171, 1, 3, 14.43693, 14.59257
Transfer, 171, 1, 4, 14.43693, 14.18526
Transfer, 171, 2, 1, 9.885157, 10.31312
Transfer, 171, 3, 1, 9.885157, 10.03736
Transfer, 171, 4, 1, 9.885157, 9.769049
Transfer, 172, 1, 2, 14.05579, 14.63002
Transfer, 172, 1, 3, 14.05579, 14.22166
Transfer, 172, 1, 4, 14.05579, 13.82471
Transfer, 172, 2, 1, 9.976192, 10.39946
Transfer, 172, 3, 1, 9.976192, 10.12104
Transfer, 172, 4, 1, 9.976192, 9.850162
Transfer, 173, 1, 2, 9.826634, 10.23675
Transfer, 173, 1, 3, 9.826634, 10.03202
Transfer, 173, 1, 4, 9.826634, 9.831377
Transfer, 173, 2, 1, 27.33989, 28.25981
Transfer, 173, 3, 1, 27.33989, 27.50701
Transfer, 173, 4, 1, 27.33989, 26.7745
Transfer, 174, 1, 2, 15.18068, 15.75029
Transfer, 174, 1, 3, 15.18068, 15.31066
Transfer, 174, 1, 4, 15.18068, 14.88331
Transfer, 174, 2, 1, 9.707519, 10.14601
Transfer, 174, 3, 1, 9.707519, 9.875336
Transfer, 174, 4, 1, 9.707519, 9.611962
Transfer, 175, 1, 2, 14.72237, 15.29501
Transfer, 175, 1, 3, 14.72237, 14.8681
Transfer, 175, 1, 4, 14.72237, 14.45309
Transfer, 175, 2, 1, 9.816981, 10.24899
Transfer, 175, 3, 1, 9.816981, 9.975191
Transfer, 175, 4, 1, 9.816981, 9.708785
Transfer, 176, 1, 2, 14.31161, 14.88517
Transfer, 176, 1, 3, 14.31161, 14.46969
Transfer, 176, 1, 4, 14.31161, 14.06581
Transfer, 176, 2, 1, 9.91509, 10.34172
Transfer, 176, 3, 1, 9.91509, 10.06508
Transfer, 176, 4, 1, 9.91509, 9.795926
Transfer, 177, 1, 2, 9.990927, 10.40133
Transfer, 177, 1, 3, 9.990927, 10.19331
Transfer, 177, 1, 4, 9.990927, 9.989439
Transfer, 177, 2, 1, 27.19103, 28.11494
Transfer, 177, 3, 1, 27.19103, 27.3667
Transfer, 177, 4, 1, 27.19103, 26.63861
Transfer, 178, 1, 2, 15.38374, 15.95472
Transfer, 178, 1, 3, 15.38374, 15.50939
Transfer, 178, 1, 4, 15.38374, 15.07649
Transfer, 178, 2, 1, 9.659018, 10.0997
Transfer, 178, 3, 1, 9.659018, 9.8305
Transfer, 178, 4, 1, 9.659018, 9.568554
Transfer, 179, 1, 2, 14.90437, 15.47904
Transfer, 179, 1, 3, 14.90437, 15.04699
Transfer, 179, 1, 4, 14.90437, 14.62699
Transfer, 179, 2, 1, 9.773512, 10.20729
Transfer, 179, 3, 1, 9.773512, 9.934829
Transfer, 179, 4, 1, 9.773512, 9.669723
Transfer, 180, 1, 2, 14.47473, 15.05084
Transfer, 180, 1, 3, 14.47473, 14.63073
Transfer, 180, 1, 4, 14.47473, 14.22236
Transfer, 180, 2, 1, 9.876129, 10.30416
Transfer, 180, 3, 1, 9.876129, 10.02875
Transfer, 180, 4, 1, 9.876129, 9.760776
Transfer, 181, 1, 2, 14.08966, 14.66536
Transfer, 181, 1, 3, 14.08966, 14.25602
Transfer, 181, 1, 4, 14.08966, 13.8581
Transfer, 181, 2, 1, 9.968102, 10.39139
Transfer, 181, 3, 1, 9.968102, 10.11329
Transfer, 181, 4, 1, 9.968102, 9.842722
Transfer, 182, 1, 2, 9.848389, 10.25955
Transfer, 182, 1, 3, 9.848389, 10.05436
Transfer, 182, 1, 4, 9.848389, 9.853272
Transfer, 182, 2, 1, 27.32018, 28.23955
Transfer, 182, 3, 1, 27.32018, 27.48758
Transfer, 182, 4, 1, 27.32018, 26.75587
Transfer, 183, 1, 2, 15.20757, 15.77861
Transfer, 183, 1, 3, 15.20757, 15.33819
Transfer, 183, 1, 4, 15.20757, 14.91007
Transfer, 183, 2, 1, 9.701096, 10.13953
Transfer, 183, 3, 1, 9.701096, 9.869126
Transfer, 183, 4, 1, 9.701096, 9.606017
Transfer, 184, 1, 2, 14.74647, 15.32051
Transfer, 184, 1, 3, 14.74647, 14.89288
Transfer, 184, 1, 4, 14.74647, 14.47718
Transfer, 184, 2, 1, 9.811225, 10.24315
Transfer, 184, 3, 1, 9.811225, 9.969602
Transfer, 184, 4, 1, 9.811225, 9.70344
Transfer, 185, 1, 2, 14.33321, 14.90812
Transfer, 185, 1, 3, 14.33321, 14.492
Transfer, 185, 1, 4, 14.33321, 14.0875
Transfer, 185, 2, 1, 9.90993, 10.33645
Transfer, 185, 3, 1, 9.90993, 10.06005
Transfer, 185, 4, 1, 9.90993, 9.791121
Transfer, 186, 1, 2, 13.96282, 14.53689
Transfer, 186, 1, 3, 13.96282, 14.13113
Transfer, 186, 1, 4, 13.96282, 13.7367
Transfer, 186, 2, 1, 9.998396, 10.42046
Transfer, 186, 3, 1, 9.998396, 10.14147
Transfer, 186, 4, 1, 9.998396, 9.870033
Transfer, 187, 1, 2, 9.766931, 10.17668
Transfer, 187, 1, 3, 9.766931, 9.973147
Transfer, 187, 1, 4, 9.766931, 9.773685
Transfer, 187, 2, 1, 27.39399, 28.31249
Transfer, 187, 3, 1, 27.39399, 27.55822
Transfer, 187, 4, 1, 27.39399, 26.82429
Transfer, 188, 1, 2, 15.10688, 15.67567
Transfer, 188, 1, 3, 15.10688, 15.23813
Transfer, 188, 1, 4, 15.10688, 14.8128
Transfer, 188, 2, 1, 9.725143, 10.16285
Transfer, 188, 3, 1, 9.725143, 9.891703
Transfer, 188, 4, 1, 9.725143, 9.627876
Transfer, 189, 1, 2, 14.65623, 15.22784
Transfer, 189, 1, 3, 14.65623, 14.8028
Transfer, 189, 1, 4, 14.65623, 14.38962
Transfer, 189, 2, 1, 9.832778, 10.26415
Transfer, 189, 3, 1, 9.832778, 9.989924
Transfer, 189, 4, 1, 9.832778, 9.723112
Transfer, 190, 1, 2, 14.25233, 14.8247
Transfer, 190, 1, 3, 14.25233, 14.41091
Transfer, 190, 1, 4, 14.25233, 14.00867
Transfer, 190, 2, 1, 9.929247, 10.35536
Transfer, 190, 3, 1, 9.929247, 10.07834
Transfer, 190, 4, 1, 9.929247, 9.808823
Transfer, 191, 1, 2, 9.952859, 10.36233
Transfer, 191, 1, 3, 9.952859, 10.15508
Transfer, 191, 1, 4, 9.952859, 9.95198
Transfer, 191, 2, 1, 27.22552, 28.14916
Transfer, 191, 3, 1, 27.22552, 27.39995
Transfer, 191, 4, 1, 27.22552, 26.67093
Transfer, 192, 1, 2, 15.33669, 15.90627
Transfer, 192, 1, 3, 15.33669, 15.46229
Transfer, 192, 1, 4, 15.33669, 15.0307
Transfer, 192, 2, 1, 9.670255, 10.11064
Transfer, 192, 3, 1, 9.670255, 9.841125
Transfer, 192, 4, 1, 9.670255, 9.578881
Transfer, 193, 1, 2, 14.8622, 15.43543
Transfer, 193, 1, 3, 14.8622, 15.00459
Transfer, 193, 1, 4, 14.8622, 14.58578
Transfer, 193, 2, 1, 9.783584, 10.21713
Transfer, 193, 3, 1, 9.783584, 9.944395
Transfer, 193, 4, 1, 9.783584, 9.679019
Transfer, 194, 1, 2, 14.43693, 15.01158
Transfer, 194, 1, 3, 14.43693, 14.59257
Transfer, 194, 1, 4, 14.43693, 14.18526
Transfer, 194, 2, 1, 9.885157, 10.31302
Transfer, 194, 3, 1, 9.885157, 10.03736
Transfer, 194, 4, 1, 9.885157, 9.769144
Transfer, 195, 1, 2, 14.05579, 14.63002
Transfer, 195, 1, 3, 14.05579, 14.22166
Transfer, 195, 1, 4, 14.05579, 13.82471
Transfer, 195, 2, 1, 9.976192, 10.39936
Transfer, 195, 3, 1, 9.976192, 10.12104
Transfer, 195, 4, 1, 9.976192, 9.850255
Transfer, 196, 1, 2, 9.826634, 10.23675
Transfer, 196, 1, 3, 9.826634, 10.03202
Transfer, 196, 1, 4, 9.826634, 9.831377
Transfer, 196, 2, 1, 27.33989, 28.25956
Transfer, 196, 3, 1, 27.33989, 27.50701
Transfer, 196, 4, 1, 27.33989, 26.77474
Transfer, 197, 1, 2, 15.18068, 15.75029
Transfer, 197, 1, 3, 15.18068, 15.31066
Transfer, 197, 1, 4, 15.18068, 14.88331
Transfer, 197, 2, 1, 9.707519, 10.14593
Transfer, 197, 3, 1, 9.707519, 9.875338
Transfer, 197, 4, 1, 9.707519, 9.612049
Transfer, 198, 1, 2, 14.72237, 15.29501
Transfer, 198, 1, 3, 14.72237, 14.8681
Transfer, 198, 1, 4, 14.72237, 14.45309
Transfer, 198, 2, 1, 9.816981, 10.24891
Transfer, 198, 3, 1, 9.816981, 9.975192
Transfer, 198, 4, 1, 9.816981, 9.70887
Transfer, 199, 1, 2, 14.31161, 14.88517
Transfer, 199, 1, 3, 14.31161, 14.46969
Transfer, 199, 1, 4, 14.31161, 14.06581
Transfer, 199, 2, 1, 9.91509, 10.34163
Transfer, 199, 3, 1, 9.91509, 10.06508
Transfer, 199, 4, 1, 9.91509, 9.796009
Transfer, 200, 1, 2, 9.990927, 10.40133
Transfer, 200, 1, 3, 9.990927, 10.19331
Transfer, 200, 1, 4, 9.990927, 9.98944
Transfer, 200, 2, 1, 27.19103, 28.11472
Transfer, 200, 3, 1, 27.19103, 27.3667
Transfer, 200, 4, 1, 27.19103, 26.63883
Transfer, 201, 1, 2, 15.38374, 15.95472
Transfer, 201, 1, 3, 15.38374, 15.50939
Transfer, 201, 1, 4, 15.38374, 15.07649
Transfer, 201, 2, 1, 9.659018, 10.09963
Transfer, 201, 3, 1, 9.659018, 9.830501
Transfer, 201, 4, 1, 9.659018, 9.56863
Transfer, 202, 1, 2, 14.90437, 15.47904
Transfer, 202, 1, 3, 14.90437, 15.04699
Transfer, 202, 1, 4, 14.90437, 14.62699
Transfer, 202, 2, 1, 9.773512, 10.20722
Transfer, 202, 3, 1, 9.773512, 9.934831
Transfer, 202, 4, 1, 9.773512, 9.669797
Transfer, 203, 1, 2, 14.47473, 15.05084
Transfer, 203, 1, 3, 14.47473, 14.63073
Transfer, 203, 1, 4, 14.47473, 14.22236
Transfer, 203, 2, 1, 9.876129, 10.30409
Transfer, 203, 3, 1, 9.876129, 10.02875
Transfer, 203, 4, 1, 9.876129, 9.760848
Transfer, 204, 1, 2, 14.08966, 14.66536
Transfer, 204, 1, 3, 14.08966, 14.25602
Transfer, 204, 1, 4, 14.08966, 13.8581
Transfer, 204, 2, 1, 9.968102, 10.39131
Transfer, 204, 3, 1, 9.968102, 10.11329
Transfer, 204, 4, 1, 9.968102, 9.842793
Transfer, 205, 1, 2, 9.848389, 10.25955
Transfer, 205, 1, 3, 9.848389, 10.05436
Transfer, 205, 1, 4, 9.848389, 9.853271
Transfer, 205, 2, 1, 27.32018, 28.23935
Transfer, 205, 3, 1, 27.32018, 27.48758
Transfer, 205, 4, 1, 27.32018, 26.75606
Transfer, 206, 1, 2, 15.20757, 15.77861
Transfer, 206, 1, 3, 15.20757, 15.33819
Transfer, 206, 1, 4, 15.20757, 14.91007
Transfer, 206, 2, 1, 9.701096, 10.13946
Transfer, 206, 3, 1, 9.701096, 9.869127
Transfer, 206, 4, 1, 9.701096, 9.606083
Transfer, 207, 1, 2, 14.74647, 15.3205
Transfer, 207, 1, 3, 14.74647, 14.89287
Transfer, 207, 1, 4, 14.74647, 14.47718
Transfer, 207, 2, 1, 9.811225, 10.24308
Transfer, 207, 3, 1, 9.811225, 9.969602
Transfer, 207, 4, 1, 9.811225, 9.703506
Transfer, 208, 1, 2, 14.33321, 14.90812
Transfer, 208, 1, 3, 14.33321, 14.492
Transfer, 208, 1, 4, 14.33321, 14.08749
Transfer, 208, 2, 1, 9.90993, 10.33638
Transfer, 208, 3, 1, 9.90993, 10.06005
Transfer, 208, 4, 1, 9.90993, 9.791185
Transfer, 209, 1, 2, 13.96282, 14.53689
Transfer, 209, 1, 3, 13.96282, 14.13113
Transfer, 209, 1, 4, 13.96282, 13.7367
Transfer, 209, 2, 1, 9.998396, 10.42039
Transfer, 209, 3, 1, 9.998396, 10.14147
Transfer, 209, 4, 1, 9.998396, 9.870096
Transfer, 210, 1, 2, 9.766931, 10.17668
Transfer, 210, 1, 3, 9.766931, 9.973145
Transfer, 210, 1, 4, 9.766931, 9.773683
Transfer, 210, 2, 1, 27.39399, 28.31232
Transfer, 210, 3, 1, 27.39399, 27.55823
Transfer, 210, 4, 1, 27.39399, 26.82446
Transfer, 211, 1, 2, 15.10688, 15.67567
Transfer, 211, 1, 3, 15.10688, 15.23813
Transfer, 211, 1, 4, 15.10688, 14.8128
Transfer, 211, 2, 1, 9.725143, 10.16279
Transfer, 211, 3, 1, 9.725143, 9.891703
Transfer, 211, 4, 1, 9.725143, 9.627934
Transfer, 212, 1, 2, 14.65623, 15.22784
Transfer, 212, 1, 3, 14.65623, 14.8028
Transfer, 212, 1, 4, 14.65623, 14.38962
Transfer, 212, 2, 1, 9.832778, 10.26409
Transfer, 212, 3, 1, 9.832778, 9.989925
Transfer, 212, 4, 1, 9.832778, 9.723168
Transfer, 213, 1, 2, 14.25233, 14.8247
Transfer, 213, 1, 3, 14.25233, 14.41091
Transfer, 213, 1, 4, 14.25233, 14.00867
Transfer, 213, 2, 1, 9.929247, 10.3553
Transfer, 213, 3, 1, 9.929247, 10.07834
Transfer, 213, 4, 1, 9.929247, 9.808878
Transfer, 214, 1, 2, 9.952859, 10.36233
Transfer, 214, 1, 3, 9.952859, 10.15508
Transfer, 214, 1, 4, 9.952859, 9.951979
Transfer, 214, 2, 1, 27.22552, 28.149
Transfer, 214, 3, 1, 27.22552, 27.39995
Transfer, 214, 4, 1, 27.22552, 26.67107
Transfer, 215, 1, 2, 15.33669, 15.90627
Transfer, 215, 1, 3, 15.33669, 15.46229
Transfer, 215, 1, 4, 15.33669, 15.0307
Transfer, 215, 2, 1, 9.670255, 10.11059
Transfer, 215, 3, 1, 9.670255, 9.841126
Transfer, 215, 4, 1, 9.670255, 9.578932
Transfer, 216, 1, 2, 14.8622, 15.43543
Transfer, 216, 1, 3, 14.8622, 15.00459
Transfer, 216, 1, 4, 14.8622, 14.58578
Transfer, 216, 2, 1, 9.783584, 10.21708
Transfer, 216, 3, 1, 9.783584, 9.944396
Transfer, 216, 4, 1, 9.783584, 9.67907
Transfer, 217, 1, 2, 14.43693, 15.01158
Transfer, 217, 1, 3, 14.43693, 14.59257
Transfer, 217, 1, 4, 14.43693, 14.18526
Transfer, 217, 2, 1, 9.885157, 10.31297
Transfer, 217, 3, 1, 9.885157, 10.03736
Transfer, 217, 4, 1, 9.885157, 9.769194
Transfer, 218, 1, 2, 14.05579, 14.63002
Transfer, 218, 1, 3, 14.05579, 14.22166
Transfer, 218, 1, 4, 14.05579, 13.8247
Transfer, 218, 2, 1, 9.976192, 10.39931
Transfer, 218, 3, 1, 9.976192, 10.12105
Transfer, 218, 4, 1, 9.976192, 9.850304
Transfer, 219, 1, 2, 9.826634, 10.23675
Transfer, 219, 1, 3, 9.826634, 10.03202
Transfer, 219, 1, 4, 9.826634, 9.831377
Transfer, 219, 2, 1, 27.33989, 28.25942
Transfer, 219, 3, 1, 27.33989, 27.50701
Transfer, 219, 4, 1, 27.33989, 26.77487
Transfer, 220, 1, 2, 15.18068, 15.75029
Transfer, 220, 1, 3, 15.18068, 15.31066
Transfer, 220, 1, 4, 15.18068, 14.88331
Transfer, 220, 2, 1, 9.707519, 10.14588
Transfer, 220, 3, 1, 9.707519, 9.875338
Transfer, 220, 4, 1, 9.707519, 9.612094
Transfer, 221, 1, 2, 14.72237, 15.29502
Transfer, 221, 1, 3, 14.72237, 14.8681
Transfer, 221, 1, 4, 14.72237, 14.4531
Transfer, 221, 2, 1, 9.816981, 10.24886
Transfer, 221, 3, 1, 9.816981, 9.975193
Transfer, 221, 4, 1, 9.816981, 9.708914
Transfer, 222, 1, 2, 14.31161, 14.88517
Transfer, 222, 1, 3, 14.31161, 14.4697
Transfer, 222, 1, 4, 14.31161, 14.06581
Transfer, 222, 2, 1, 9.91509, 10.34159
Transfer, 222, 3, 1, 9.91509, 10.06508
Transfer, 222, 4, 1, 9.91509, 9.796052
Transfer, 223, 1, 2, 9.990927, 10.40133
Transfer, 223, 1, 3, 9.990927, 10.19331
Transfer, 223, 1, 4, 9.990927, 9.989441
Transfer, 223, 2, 1, 27.19103, 28.1146
Transfer, 223, 3, 1, 27.19103, 27.3667
Transfer, 223, 4, 1, 27.19103, 26.63894
Transfer, 224, 1, 2, 15.38374, 15.95472
Transfer, 224, 1, 3, 15.38374, 15.50939
Transfer, 224, 1, 4, 15.38374, 15.07649
Transfer, 224, 2, 1, 9.659018, 10.09959
Transfer, 224, 3, 1, 9.659018, 9.830502
Transfer, 224, 4, 1, 9.659018, 9.56867
Transfer, 225, 1, 2, 14.90437, 15.47904
Transfer, 225, 1, 3, 14.90437, 15.04699
Transfer, 225, 1, 4, 14.90437, 14.62699
Transfer, 225, 2, 1, 9.773512, 10.20717
Transfer, 225, 3, 1, 9.773512, 9.934831
Transfer, 225, 4, 1, 9.773512, 9.669836
Transfer, 226, 1, 2, 14.47473, 15.05084
Transfer, 226, 1, 3, 14.47473, 14.63074
Transfer, 226, 1, 4, 14.47473, 14.22236
Transfer, 226, 2, 1, 9.876129, 10.30405
Transfer, 226, 3, 1, 9.876129, 10.02875
Transfer, 226, 4, 1, 9.876129, 9.760887
Transfer, 227, 1, 2, 14.08966, 14.66536
Transfer, 227, 1, 3, 14.08966, 14.25602
Transfer, 227, 1, 4, 14.08966, 13.8581
Transfer, 227, 2, 1, 9.968102, 10.39127
Transfer, 227, 3, 1, 9.968102, 10.11329
Transfer, 227, 4, 1, 9.968102, 9.842831
Transfer, 228, 1, 2, 9.848389, 10.25955
Transfer, 228, 1, 3, 9.848389, 10.05436
Transfer, 228, 1, 4, 9.848389, 9.853271
Transfer, 228, 2, 1, 27.32018, 28.23925
Transfer, 228, 3, 1, 27.32018, 27.48758
Transfer, 228, 4, 1, 27.32018, 26.75616
Transfer, 229, 1, 2, 15.20757, 15.77861
Transfer, 229, 1, 3, 15.20757, 15.33819
Transfer, 229, 1, 4, 15.20757, 14.91007
Transfer, 229, 2, 1, 9.701096, 10.13943
Transfer, 229, 3, 1, 9.701096, 9.869128
Transfer, 229, 4, 1, 9.701096, 9.606117
Transfer, 230, 1, 2, 14.74647, 15.3205
Transfer, 230, 1, 3, 14.74647, 14.89287
Transfer, 230, 1, 4, 14.74647, 14.47718
Transfer, 230, 2, 1, 9.811225, 10.24305
Transfer, 230, 3, 1, 9.811225, 9.969603
Transfer, 230, 4, 1, 9.811225, 9.703539
Transfer, 231, 1, 2, 14.33321, 14.90812
Transfer, 231, 1, 3, 14.33321, 14.492
Transfer, 231, 1, 4, 14.33321, 14.08749
Transfer, 231, 2, 1, 9.90993, 10.33635
Transfer, 231, 3, 1, 9.90993, 10.06005
Transfer, 231, 4, 1, 9.90993, 9.791218
Transfer, 232, 1, 2, 13.96282, 14.53689
Transfer, 232, 1, 3, 13.96282, 14.13113
Transfer, 232, 1, 4, 13.96282, 13.7367
Transfer, 232, 2, 1, 9.998396, 10.42036
Transfer, 232, 3, 1, 9.998396, 10.14147
Transfer, 232, 4, 1, 9.998396, 9.870128
Transfer, 233, 1, 2, 9.766931, 10.17668
Transfer, 233, 1, 3, 9.766931, 9.973144
Transfer, 233, 1, 4, 9.766931, 9.773681
Transfer, 233, 2, 1, 27.39399, 28.31223
Transfer, 233, 3, 1, 27.39399, 27.55823
Transfer, 233, 4, 1, 27.39399, 26.82454
Transfer, 234, 1, 2, 15.10688, 15.67567
Transfer, 234, 1, 3, 15.10688, 15.23812
Transfer, 234, 1, 4, 15.10688, 14.8128
Transfer, 234, 2, 1, 9.725143, 10.16276
Transfer, 234, 3, 1, 9.725143, 9.891704
Transfer, 234, 4, 1, 9.725143, 9.627963
Transfer, 235, 1, 2, 14.65623, 15.22784
Transfer, 235, 1, 3, 14.65623, 14.8028
Transfer, 235, 1, 4, 14.65623, 14.38962
Transfer, 235, 2, 1, 9.832778, 10.26406
Transfer, 235, 3, 1, 9.832778, 9.989925
Transfer, 235, 4, 1, 9.832778, 9.723197
Transfer, 236, 1, 2, 14.25233, 14.8247
Transfer, 236, 1, 3, 14.25233, 14.41091
Transfer, 236, 1, 4, 14.25233, 14.00867
Transfer, 236, 2, 1, 9.929247, 10.35527
Transfer, 236, 3, 1, 9.929247, 10.07835
Transfer, 236, 4, 1, 9.929247, 9.808906
Transfer, 237, 1, 2, 9.952859, 10.36233
Transfer, 237, 1, 3, 9.952859, 10.15508
Transfer, 237, 1, 4, 9.952859, 9.95198
Transfer, 237, 2, 1, 27.22552, 28.14893
Transfer, 237, 3, 1, 27.22552, 27.39996
Transfer, 237, 4, 1, 27.22552, 26.67115
Transfer, 238, 1, 2, 15.33669, 15.90627
Transfer, 238, 1, 3, 15.33669, 15.46229
Transfer, 238, 1, 4, 15.33669, 15.03071
Transfer, 238, 2, 1, 9.670255, 10.11056
Transfer, 238, 3, 1, 9.670255, 9.841126
Transfer, 238, 4, 1, 9.670255, 9.578959
Transfer, 239, 1, 2, 14.8622, 15.43543
Transfer, 239, 1, 3, 14.8622, 15.0046
Transfer, 239, 1, 4, 14.8622, 14.58578
Transfer, 239, 2, 1, 9.783584, 10.21706
Transfer, 239, 3, 1, 9.783584, 9.944397
Transfer, 239, 4, 1, 9.783584, 9.679095
Transfer, 240, 1, 2, 14.43693, 15.01158
Transfer, 240, 1, 3, 14.43693, 14.59257
Transfer, 240, 1, 4, 14.43693, 14.18526
Transfer, 240, 2, 1, 9.885157, 10.31295
Transfer, 240, 3, 1, 9.885157, 10.03736
Transfer, 240, 4, 1, 9.885157, 9.769218
Transfer, 241, 1, 2, 14.05579, 14.63002
Transfer, 241, 1, 3, 14.05579, 14.22167
Transfer, 241, 1, 4, 14.05579, 13.82471
Transfer, 241, 2, 1, 9.976192, 10.39929
Transfer, 241, 3, 1, 9.976192, 10.12105
Transfer, 241, 4, 1, 9.976192, 9.850327
Transfer, 242, 1, 2, 9.826634, 10.23675
Transfer, 242, 1, 3, 9.826634, 10.03202
Transfer, 242, 1, 4, 9.826634, 9.831378
Transfer, 242, 2, 1, 27.33989, 28.25936
Transfer, 242, 3, 1, 27.33989, 27.50702
Transfer, 242, 4, 1, 27.33989, 26.77494
Transfer, 243, 1, 2, 15.18068, 15.75029
Transfer, 243, 1, 3, 15.18068, 15.31067
Transfer, 243, 1, 4, 15.18068, 14.88331
Transfer, 243, 2, 1, 9.707519, 10.14586
Transfer, 243, 3, 1, 9.707519, 9.875339
Transfer, 243, 4, 1, 9.707519, 9.612117
Transfer, 244, 1, 2, 14.72237, 15.29502
Transfer, 244, 1, 3, 14.72237, 14.8681
Transfer, 244, 1, 4, 14.72237, 14.4531
Transfer, 244, 2, 1, 9.816981, 10.24884
Transfer, 244, 3, 1, 9.816981, 9.975194
Transfer, 244, 4, 1, 9.816981, 9.708936
Transfer, 245, 1, 2, 14.31161, 14.88517
Transfer, 245, 1, 3, 14.31161, 14.4697
Transfer, 245, 1, 4, 14.31161, 14.06581
Transfer, 245, 2, 1, 9.91509, 10.34157
Transfer, 245, 3, 1, 9.91509, 10.06508
Transfer, 245, 4, 1, 9.91509, 9.796074
Transfer, 246, 1, 2, 9.990927, 10.40133
Transfer, 246, 1, 3, 9.990927, 10.19331
Transfer, 246, 1, 4, 9.990927, 9.98944
Transfer, 246, 2, 1, 27.19103, 28.11454
Transfer, 246, 3, 1, 27.19103, 27.36671
Transfer, 246, 4, 1, 27.19103, 26.639
Transfer, 247, 1, 2, 15.38374, 15.95472
Transfer, 247, 1, 3, 15.38374, 15.50939
Transfer, 247, 1, 4, 15.38374, 15.07649
Transfer, 247, 2, 1, 9.659018, 10.09957
Transfer, 247, 3, 1, 9.659018, 9.830503
Transfer, 247, 4, 1, 9.659018, 9.56869
Transfer, 248, 1, 2, 14.90437, 15.47904
Transfer, 248, 1, 3, 14.90437, 15.04699
Transfer, 248, 1, 4, 14.90437, 14.62699
Transfer, 248, 2, 1, 9.773512, 10.20715
Transfer, 248, 3, 1, 9.773512, 9.934832
Transfer, 248, 4, 1, 9.773512, 9.669856
Transfer, 249, 1, 2, 14.47473, 15.05084
Transfer, 249, 1, 3, 14.47473, 14.63073
Transfer, 249, 1, 4, 14.47473, 14.22236
Transfer, 249, 2, 1, 9.876129, 10.30403
Transfer, 249, 3, 1, 9.876129, 10.02875
Transfer, 249, 4, 1, 9.876129, 9.760906
Transfer, 250, 1, 2, 14.08966, 14.66536
Transfer, 250, 1, 3, 14.08966, 14.25602
Transfer, 250, 1, 4, 14.08966, 13.8581
Transfer, 250, 2, 1, 9.968102, 10.39125
Transfer, 250, 3, 1, 9.968102, 10.1133
Transfer, 250, 4, 1, 9.968102, 9.84285
Transfer, 251, 1, 2, 9.848389, 10.25955
Transfer, 251, 1, 3, 9.848389, 10.05436
Transfer, 251, 1, 4, 9.848389, 9.853271
Transfer, 251, 2, 1, 27.32018, 28.2392
Transfer, 251, 3, 1, 27.32018, 27.48758
Transfer, 251, 4, 1, 27.32018, 26.75621
Transfer, 252, 1, 2, 15.20757, 15.77861
Transfer, 252, 1, 3, 15.20757, 15.33819
Transfer, 252, 1, 4, 15.20757, 14.91007
Transfer, 252, 2, 1, 9.701096, 10.13941
Transfer, 252, 3, 1, 9.701096, 9.869129
Transfer, 252, 4, 1, 9.701096, 9.606136
Transfer, 253, 1, 2, 14.74647, 15.3205
Transfer, 253, 1, 3, 14.74647, 14.89287
Transfer, 253, 1, 4, 14.74647, 14.47718
Transfer, 253, 2, 1, 9.811225, 10.24303
Transfer, 253, 3, 1, 9.811225, 9.969604
Transfer, 253, 4, 1, 9.811225, 9.703556
Transfer, 254, 1, 2, 14.33321, 14.90812
Transfer, 254, 1, 3, 14.33321, 14.492
Transfer, 254, 1, 4, 14.33321, 14.08749
Transfer, 254, 2, 1, 9.90993, 10.33633
Transfer, 254, 3, 1, 9.90993, 10.06005
Transfer, 254, 4, 1, 9.90993, 9.791236
Transfer, 255, 1, 2, 13.96282, 14.53689
Transfer, 255, 1, 3, 13.96282, 14.13113
Transfer, 255, 1, 4, 13.96282, 13.7367
Transfer, 255, 2, 1, 9.998396, 10.42034
Transfer, 255, 3, 1, 9.998396, 10.14147
Transfer, 255, 4, 1, 9.998396, 9.870145
Transfer, 256, 1, 2, 9.766931, 10.17668
Transfer, 256, 1, 3, 9.766931, 9.973145
Transfer, 256, 1, 4, 9.766931, 9.773683
Transfer, 256, 2, 1, 27.39399, 28.31218
Transfer, 256, 3, 1, 27.39399, 27.55823
Transfer, 256, 4, 1, 27.39399, 26.82459
Transfer, 257, 1, 2, 15.10688, 15.67567
Transfer, 257, 1, 3, 15.10688, 15.23813
Transfer, 257, 1, 4, 15.10688, 14.8128
Transfer, 257, 2, 1, 9.725143, 10.16274
Transfer, 257, 3, 1, 9.725143, 9.891705
Transfer, 257, 4, 1, 9.725143, 9.627979
Transfer, 258, 1, 2, 14.65623, 15.22784
Transfer, 258, 1, 3, 14.65623, 14.8028
Transfer, 258, 1, 4, 14.65623, 14.38962
Transfer, 258, 2, 1, 9.832778, 10.26404
Transfer, 258, 3, 1, 9.832778, 9.989927
Transfer, 258, 4, 1, 9.832778, 9.723212
Transfer, 259, 1, 2, 14.25233, 14.8247
Transfer, 259, 1, 3, 14.25233, 14.41091
Transfer, 259, 1, 4, 14.25233, 14.00867
Transfer, 259, 2, 1, 9.929247, 10.35525
Transfer, 259, 3, 1, 9.929247, 10.07835
Transfer, 259, 4, 1, 9.929247, 9.808922
Transfer, 260, 1, 2, 9.952859, 10.36233
Transfer, 260, 1, 3, 9.952859, 10.15508
Transfer, 260, 1, 4, 9.952859, 9.951979
Transfer, 260, 2, 1, 27.22552, 28.14889
Transfer, 260, 3, 1, 27.22552, 27.39996
Transfer, 260, 4, 1, 27.22552, 26.67119
Transfer, 261, 1, 2, 15.33669, 15.90627
Transfer, 261, 1, 3, 15.33669, 15.46229
Transfer, 261, 1, 4, 15.33669, 15.0307
Transfer, 261, 2, 1, 9.670255, 10.11054
Transfer, 261, 3, 1, 9.670255, 9.841128
Transfer, 261, 4, 1, 9.670255, 9.578973
Transfer, 262, 1, 2, 14.8622, 15.43543
Transfer, 262, 1, 3, 14.8622, 15.00459
Transfer, 262, 1, 4, 14.8622, 14.58578
Transfer, 262, 2, 1, 9.783584, 10.21704
Transfer, 262, 3, 1, 9.783584, 9.944398
Transfer, 262, 4, 1, 9.783584, 9.679109
Transfer, 263, 1, 2, 14.43693, 15.01158
Transfer, 263, 1, 3, 14.43693, 14.59257
Transfer, 263, 1, 4, 14.43693, 14.18526
Transfer, 263, 2, 1, 9.885157, 10.31293
Transfer, 263, 3, 1, 9.885157, 10.03736
Transfer, 263, 4, 1, 9.885157, 9.769232
Transfer, 264, 1, 2, 14.05579, 14.63002
Transfer, 264, 1, 3, 14.05579, 14.22166
Transfer, 264, 1, 4, 14.05579, 13.82471
Transfer, 264, 2, 1, 9.976192, 10.39927
Transfer, 264, 3, 1, 9.976192, 10.12105
Transfer, 264, 4, 1, 9.976192, 9.850341
Transfer, 265, 1, 2, 9.826634, 10.23675
Transfer, 265, 1, 3, 9.826634, 10.03202
Transfer, 265, 1, 4, 9.826634, 9.831377
Transfer, 265, 2, 1, 27.33989, 28.25932
Transfer, 265, 3, 1, 27.33989, 27.50702
Transfer, 265, 4, 1, 27.33989, 26.77497
Transfer, 266, 1, 2, 15.18068, 15.75029
Transfer, 266, 1, 3, 15.18068, 15.31066
Transfer, 266, 1, 4, 15.18068, 14.88331
Transfer, 266, 2, 1, 9.707519, 10.14584
Transfer, 266, 3, 1, 9.707519, 9.87534
Transfer, 266, 4, 1, 9.707519, 9.612129
Transfer, 267, 1, 2, 14.72237, 15.29501
Transfer, 267, 1, 3, 14.72237, 14.8681
Transfer, 267, 1, 4, 14.72237, 14.45309
Transfer, 267, 2, 1, 9.816981, 10.24883
Transfer, 267, 3, 1, 9.816981, 9.975195
Transfer, 267, 4, 1, 9.816981, 9.708948
Transfer, 268, 1, 2, 14.31161, 14.88517
Transfer, 268, 1, 3, 14.31161, 14.46969
Transfer, 268, 1, 4, 14.31161, 14.06581
Transfer, 268, 2, 1, 9.91509, 10.34155
Transfer, 268, 3, 1, 9.91509, 10.06509
Transfer, 268, 4, 1, 9.91509, 9.796085
Transfer, 269, 1, 2, 9.990927, 10.40133
Transfer, 269, 1, 3, 9.990927, 10.19331
Transfer, 269, 1, 4, 9.990927, 9.989439
Transfer, 269, 2, 1, 27.19103, 28.11451
Transfer, 269, 3, 1, 27.19103, 27.36671
Transfer, 269, 4, 1, 27.19103, 26.63903
Transfer, 270, 1, 2, 15.38374, 15.95472
Transfer, 270, 1, 3, 15.38374, 15.50939
Transfer, 270, 1, 4, 15.38374, 15.07649
Transfer, 270, 2, 1, 9.659018, 10.09955
Transfer, 270, 3, 1, 9.659018, 9.830503
Transfer, 270, 4, 1, 9.659018, 9.568702
Transfer, 271, 1, 2, 14.90437, 15.47904
Transfer, 271, 1, 3, 14.90437, 15.04699
Transfer, 271, 1, 4, 14.90437, 14.62699
Transfer, 271, 2, 1, 9.773512, 10.20714
Transfer, 271, 3, 1, 9.773512, 9.934833
Transfer, 271, 4, 1, 9.773512, 9.669867
Transfer, 272, 1, 2, 14.47473, 15.05084
Transfer, 272, 1, 3, 14.47473, 14.63073
Transfer, 272, 1, 4, 14.47473, 14.22236
Transfer, 272, 2, 1, 9.876129, 10.30402
Transfer, 272, 3, 1, 9.876129, 10.02875
Transfer, 272, 4, 1, 9.876129, 9.760917
Transfer, 273, 1, 2, 14.08966, 14.66536
Transfer, 273, 1, 3, 14.08966, 14.25602
Transfer, 273, 1, 4, 14.08966, 13.8581
Transfer, 273, 2, 1, 9.968102, 10.39124
Transfer, 273, 3, 1, 9.968102, 10.1133
Transfer, 273, 4, 1, 9.968102, 9.84286
Transfer, 274, 1, 2, 9.848389, 10.25955
Transfer, 274, 1, 3, 9.848389, 10.05436
Transfer, 274, 1, 4, 9.848389, 9.853271
Transfer, 274, 2, 1, 27.32018, 28.23916
Transfer, 274, 3, 1, 27.32018, 27.48758
Transfer, 274, 4, 1, 27.32018, 26.75623
Transfer, 275, 1, 2, 15.20757, 15.7786
Transfer, 275, 1, 3, 15.20757, 15.33819
Transfer, 275, 1, 4, 15.20757, 14.91006
Transfer, 275, 2, 1, 9.701096, 10.1394
Transfer, 275, 3, 1, 9.701096, 9.869129
Transfer, 275, 4, 1, 9.701096, 9.606145
Transfer, 276, 1, 2, 14.74647, 15.3205
Transfer, 276, 1, 3, 14.74647, 14.89287
Transfer, 276, 1, 4, 14.74647, 14.47718
Transfer, 276, 2, 1, 9.811225, 10.24302
Transfer, 276, 3, 1, 9.811225, 9.969604
Transfer, 276, 4, 1, 9.811225, 9.703566
Transfer, 277, 1, 2, 14.33321, 14.90812
Transfer, 277, 1, 3, 14.33321, 14.492
Transfer, 277, 1, 4, 14.33321, 14.08749
Transfer, 277, 2, 1, 9.90993, 10.33632
Transfer, 277, 3, 1, 9.90993, 10.06005
Transfer, 277, 4, 1, 9.90993, 9.791245
Transfer, 278, 1, 2, 13.96282, 14.53689
Transfer, 278, 1, 3, 13.96282, 14.13113
Transfer, 278, 1, 4, 13.96282, 13.7367
Transfer, 278, 2, 1, 9.998396, 10.42033
Transfer, 278, 3, 1, 9.998396, 10.14147
Transfer, 278, 4, 1, 9.998396, 9.870153
Transfer, 279, 1, 2, 9.766931, 10.17668
Transfer, 279, 1, 3, 9.766931, 9.973145
Transfer, 279, 1, 4, 9.766931, 9.773683
Transfer, 279, 2, 1, 27.39399, 28.31215
Transfer, 279, 3, 1, 27.39399, 27.55823
Transfer, 279, 4, 1, 27.39399, 26.82461
Transfer, 280, 1, 2, 15.10688, 15.67567
Transfer, 280, 1, 3, 15.10688, 15.23813
Transfer, 280, 1, 4, 15.10688, 14.8128
Transfer, 280, 2, 1, 9.725143, 10.16273
Transfer, 280, 3, 1, 9.725143, 9.891705
Transfer, 280, 4, 1, 9.725143, 9.627988
Transfer, 281, 1, 2, 14.65623, 15.22784
Transfer, 281, 1, 3, 14.65623, 14.8028
Transfer, 281, 1, 4, 14.65623, 14.38962
Transfer, 281, 2, 1, 9.832778, 10.26403
Transfer, 281, 3, 1, 9.832778, 9.989927
Transfer, 281, 4, 1, 9.832778, 9.723221
Transfer, 282, 1, 2, 14.25233, 14.8247
Transfer, 282, 1, 3, 14.25233, 14.41091
Transfer, 282, 1, 4, 14.25233, 14.00867
Transfer, 282, 2, 1, 9.929247, 10.35524
Transfer, 282, 3, 1, 9.929247, 10.07835
Transfer, 282, 4, 1, 9.929247, 9.808928
Transfer, 283, 1, 2, 9.952859, 10.36233
Transfer, 283, 1, 3, 9.952859, 10.15508
Transfer, 283, 1, 4, 9.952859, 9.951979
Transfer, 283, 2, 1, 27.22552, 28.14886
Transfer, 283, 3, 1, 27.22552, 27.39996
Transfer, 283, 4, 1, 27.22552, 26.67121
Transfer, 284, 1, 2, 15.33669, 15.90627
Transfer, 284, 1, 3, 15.33669, 15.46229
Transfer, 284, 1, 4, 15.33669, 15.0307
Transfer, 284, 2, 1, 9.670255, 10.11053
Transfer, 284, 3, 1, 9.670255, 9.841128
Transfer, 284, 4, 1, 9.670255, 9.578979
Transfer, 285, 1, 2, 14.8622, 15.43543
Transfer, 285, 1, 3, 14.8622, 15.00459
Transfer, 285, 1, 4, 14.8622, 14.58578
Transfer, 285, 2, 1, 9.783584, 10.21703
Transfer, 285, 3, 1, 9.783584, 9.944397
Transfer, 285, 4, 1, 9.783584, 9.679116
Transfer, 286, 1, 2, 14.43693, 15.01157
Transfer, 286, 1, 3, 14.43693, 14.59257
Transfer, 286, 1, 4, 14.43693, 14.18526
Transfer, 286, 2, 1, 9.885157, 10.31292
Transfer, 286, 3, 1, 9.885157, 10.03736
Transfer, 286, 4, 1, 9.885157, 9.769239
Transfer, 287, 1, 2, 14.05579, 14.63002
Transfer, 287, 1, 3, 14.05579, 14.22166
Transfer, 287, 1, 4, 14.05579, 13.8247
Transfer, 287, 2, 1, 9.976192, 10.39926
Transfer, 287, 3, 1, 9.976192, 10.12105
Transfer, 287, 4, 1, 9.976192, 9.850348
Transfer, 288, 1, 2, 9.826634, 10.23675
Transfer, 288, 1, 3, 9.826634, 10.03201
Transfer, 288, 1, 4, 9.826634, 9.831375
Transfer, 288, 2, 1, 27.33989, 28.25929
Transfer, 288, 3, 1, 27.33989, 27.50702
Transfer, 288, 4, 1, 27.33989, 26.77499
Transfer, 289, 1, 2, 15.18068, 15.75029
Transfer, 289, 1, 3, 15.18068, 15.31066
Transfer, 289, 1, 4, 15.18068, 14.8833
Transfer, 289, 2, 1, 9.707519, 10.14583
Transfer, 289, 3, 1, 9.707519, 9.875339
Transfer, 289, 4, 1, 9.707519, 9.612135
Transfer, 290, 1, 2, 14.72237, 15.29501
Transfer, 290, 1, 3, 14.72237, 14.86809
Transfer, 290, 1, 4, 14.72237, 14.45309
Transfer, 290, 2, 1, 9.816981, 10.24882
Transfer, 290, 3, 1, 9.816981, 9.975194
Transfer, 290, 4, 1, 9.816981, 9.708955
Transfer, 291, 1, 2, 14.31161, 14.88517
Transfer, 291, 1, 3, 14.31161, 14.46969
Transfer, 291, 1, 4, 14.31161, 14.06581
Transfer, 291, 2, 1, 9.91509, 10.34154
Transfer, 291, 3, 1, 9.91509, 10.06508
Transfer, 291, 4, 1, 9.91509, 9.796092
Transfer, 292, 1, 2, 9.990927, 10.40133
Transfer, 292, 1, 3, 9.990927, 10.1933
Transfer, 292, 1, 4, 9.990927, 9.989437
Transfer, 292, 2, 1, 27.19103, 28.11448
Transfer, 292, 3, 1, 27.19103, 27.36671
Transfer, 292, 4, 1, 27.19103, 26.63905
Transfer, 293, 1, 2, 15.38374, 15.95472
Transfer, 293, 1, 3, 15.38374, 15.50938
Transfer, 293, 1, 4, 15.38374, 15.07648
Transfer, 293, 2, 1, 9.659018, 10.09954
Transfer, 293, 3, 1, 9.659018, 9.830503
Transfer, 293, 4, 1, 9.659018, 9.568707
Transfer, 294, 1, 2, 14.90437, 15.47904
Transfer, 294, 1, 3, 14.90437, 15.04698
Transfer, 294, 1, 4, 14.90437, 14.62699
Transfer, 294, 2, 1, 9.773512, 10.20713
Transfer, 294, 3, 1, 9.773512, 9.934832
Transfer, 294, 4, 1, 9.773512, 9.669873
Transfer, 295, 1, 2, 14.47473, 15.05083
Transfer, 295, 1, 3, 14.47473, 14.63073
Transfer, 295, 1, 4, 14.47473, 14.22235
Transfer, 295, 2, 1, 9.876129, 10.30401
Transfer, 295, 3, 1, 9.876129, 10.02875
Transfer, 295, 4, 1, 9.876129, 9.760922
Transfer, 296, 1, 2, 14.08966, 14.66536
Transfer, 296, 1, 3, 14.08966, 14.25601
Transfer, 296, 1, 4, 14.08966, 13.8581
Transfer, 296, 2, 1, 9.968102, 10.39123
Transfer, 296, 3, 1, 9.968102, 10.1133
Transfer, 296, 4, 1, 9.968102, 9.842867
Transfer, 297, 1, 2, 9.848389, 10.25955
Transfer, 297, 1, 3, 9.848389, 10.05435
Transfer, 297, 1, 4, 9.848389, 9.853268
Transfer, 297, 2, 1, 27.32018, 28.23914
Transfer, 297, 3, 1, 27.32018, 27.48758
Transfer, 297, 4, 1, 27.32018, 26.75625
Transfer, 298, 1, 2, 15.20757, 15.7786
Transfer, 298, 1, 3, 15.20757, 15.33818
Transfer, 298, 1, 4, 15.20757, 14.91006
Transfer, 298, 2, 1, 9.701096, 10.13939
Transfer, 298, 3, 1, 9.701096, 9.869129
Transfer, 298, 4, 1, 9.701096, 9.606151
Transfer, 299, 1, 2, 14.74647, 15.3205
Transfer, 299, 1, 3, 14.74647, 14.89287
Transfer, 299, 1, 4, 14.74647, 14.47718
Transfer, 299, 2, 1, 9.811225, 10.24301
Transfer, 299, 3, 1, 9.811225, 9.969604
Transfer, 299, 4, 1, 9.811225, 9.703571
Transfer, 300, 1, 2, 14.33321, 14.90811
Transfer, 300, 1, 3, 14.33321, 14.49199
Transfer, 300, 1, 4, 14.33321, 14.08749
Transfer, 300, 2, 1, 9.90993, 10.33631
Transfer, 300, 3, 1, 9.90993, 10.06005
Transfer, 300, 4, 1, 9.90993, 9.79125
Transfer, 301, 1, 2, 13.96282, 14.53688
Transfer, 301, 1, 3, 13.96282, 14.13112
Transfer, 301, 1, 4, 13.96282, 13.73669
Transfer, 301, 2, 1, 9.998396, 10.42032
Transfer, 301, 3, 1, 9.998396, 10.14147
Transfer, 301, 4, 1, 9.998396, 9.870158
Transfer, 302, 1, 2, 9.766931, 10.17667
Transfer, 302, 1, 3, 9.766931, 9.973141
Transfer, 302, 1, 4, 9.766931, 9.773678
Transfer, 302, 2, 1, 27.39399, 28.31213
Transfer, 302, 3, 1, 27.39399, 27.55823
Transfer, 302, 4, 1, 27.39399, 26.82463
Transfer, 303, 1, 2, 15.10688, 15.67566
Transfer, 303, 1, 3, 15.10688, 15.23812
Transfer, 303, 1, 4, 15.10688, 14.81279
Transfer, 303, 2, 1, 9.725143, 10.16272
Transfer, 303, 3, 1, 9.725143, 9.891705
Transfer, 303, 4, 1, 9.725143, 9.627993
Transfer, 304, 1, 2, 14.65623, 15.22784
Transfer, 304, 1, 3, 14.65623, 14.80279
Transfer, 304, 1, 4, 14.65623, 14.38961
Transfer, 304, 2, 1, 9.832778, 10.26402
Transfer, 304, 3, 1, 9.832778, 9.989927
Transfer, 304, 4, 1, 9.832778, 9.723226
Transfer, 305, 1, 2, 14.25233, 14.8247
Transfer, 305, 1, 3, 14.25233, 14.41091
Transfer, 305, 1, 4, 14.25233, 14.00867
Transfer, 305, 2, 1, 9.929247, 10.35524
Transfer, 305, 3, 1, 9.929247, 10.07835
Transfer, 305, 4, 1, 9.929247, 9.808934
Transfer, 306, 1, 2, 9.952859, 10.36232
Transfer, 306, 1, 3, 9.952859, 10.15508
Transfer, 306, 1, 4, 9.952859, 9.951975
Transfer, 306, 2, 1, 27.22552, 28.14884
Transfer, 306, 3, 1, 27.22552, 27.39996
Transfer, 306, 4, 1, 27.22552, 26.67122
Transfer, 307, 1, 2, 15.33669, 15.90626
Transfer, 307, 1, 3, 15.33669, 15.46229
Transfer, 307, 1, 4, 15.33669, 15.0307
Transfer, 307, 2, 1, 9.670255, 10.11053
Transfer, 307, 3, 1, 9.670255, 9.841128
Transfer, 307, 4, 1, 9.670255, 9.578984
Transfer, 308, 1, 2, 14.8622, 15.43542
Transfer, 308, 1, 3, 14.8622, 15.00459
Transfer, 308, 1, 4, 14.8622, 14.58578
Transfer, 308, 2, 1, 9.783584, 10.21702
Transfer, 308, 3, 1, 9.783584, 9.944397
Transfer, 308, 4, 1, 9.783584, 9.67912
Transfer, 309, 1, 2, 14.43693, 15.01157
Transfer, 309, 1, 3, 14.43693, 14.59256
Transfer, 309, 1, 4, 14.43693, 14.18525
Transfer, 309, 2, 1, 9.885157, 10.31292
Transfer, 309, 3, 1, 9.885157, 10.03736
Transfer, 309, 4, 1, 9.885157, 9.769243
Transfer, 310, 1, 2, 14.05579, 14.63001
Transfer, 310, 1, 3, 14.05579, 14.22166
Transfer, 310, 1, 4, 14.05579, 13.8247
Transfer, 310, 2, 1, 9.976192, 10.39926
Transfer, 310, 3, 1, 9.976192, 10.12105
Transfer, 310, 4, 1, 9.976192, 9.850351
Transfer, 311, 1, 2, 9.826634, 10.23675
Transfer, 311, 1, 3, 9.826634, 10.03201
Transfer, 311, 1, 4, 9.826634, 9.831372
Transfer, 311, 2, 1, 27.33989, 28.25928
Transfer, 311, 3, 1, 27.33989, 27.50702
Transfer, 311, 4, 1, 27.33989, 26.775
Transfer, 312, 1, 2, 15.18068, 15.75028
Transfer, 312, 1, 3, 15.18068, 15.31066
Transfer, 312, 1, 4, 15.18068, 14.8833
Transfer, 312, 2, 1, 9.707519, 10.14583
Transfer, 312, 3, 1, 9.707519, 9.875339
Transfer, 312, 4, 1, 9.707519, 9.612139
Transfer, 313, 1, 2, 14.72237, 15.29501
Transfer, 313, 1, 3, 14.72237, 14.86809
Transfer, 313, 1, 4, 14.72237, 14.45309
Transfer, 313, 2, 1, 9.816981, 10.24881
Transfer, 313, 3, 1, 9.816981, 9.975194
Transfer, 313, 4, 1, 9.816981, 9.708957
Transfer, 314, 1, 2, 14.31161, 14.88517
Transfer, 314, 1, 3, 14.31161, 14.46969
Transfer, 314, 1, 4, 14.31161, 14.06581
Transfer, 314, 2, 1, 9.91509, 10.34154
Transfer, 314, 3, 1, 9.91509, 10.06508
Transfer, 314, 4, 1, 9.91509, 9.796094
Transfer, 315, 1, 2, 9.990927, 10.40133
Transfer, 315, 1, 3, 9.990927, 10.1933
Transfer, 315, 1, 4, 9.990927, 9.989436
Transfer, 315, 2, 1, 27.19103, 28.11446
Transfer, 315, 3, 1, 27.19103, 27.36671
Transfer, 315, 4, 1, 27.19103, 26.63906
Transfer, 316, 1, 2, 15.38374, 15.95471
Transfer, 316, 1, 3, 15.38374, 15.50938
Transfer, 316, 1, 4, 15.38374, 15.07648
Transfer, 316, 2, 1, 9.659018, 10.09954
Transfer, 316, 3, 1, 9.659018, 9.830502
Transfer, 316, 4, 1, 9.659018, 9.568709
Transfer, 317, 1, 2, 14.90437, 15.47904
Transfer, 317, 1, 3, 14.90437, 15.04698
Transfer, 317, 1, 4, 14.90437, 14.62699
Transfer, 317, 2, 1, 9.773512, 10.20713
Transfer, 317, 3, 1, 9.773512, 9.934832
Transfer, 317, 4, 1, 9.773512, 9.669875
Transfer, 318, 1, 2, 14.47473, 15.05083
Transfer, 318, 1, 3, 14.47473, 14.63073
Transfer, 318, 1, 4, 14.47473, 14.22235
Transfer, 318, 2, 1, 9.876129, 10.304
Transfer, 318, 3, 1, 9.876129, 10.02875
Transfer, 318, 4, 1, 9.876129, 9.760924
Transfer, 317, 1, 2, 14.08966, 14.66535
Transfer, 317, 1, 3, 14.08966, 14.25601
Transfer, 317, 1, 4, 14.08966, 13.8581
Transfer, 317, 2, 1, 9.968102, 10.39123
Transfer, 317, 3, 1, 9.968102, 10.11329
Transfer, 317, 4, 1, 9.968102, 9.842869
